event_id,event_category,event_type_raw,began,restored,year,n_counties_affected,n_states_affected,mean_duration_hours,total_customers_affected,max_customers_single_county
Alabama-0,Weather,Severe Weather - Winter,2015-01-07 17:00:00,2015-01-08 08:35:00,2015,60,1,5.085211267605634,302983.0,23861.0
Alabama-1,Weather,Severe Weather - Winter,2015-02-16 21:00:00,2015-02-18 14:00:00,2015,62,1,5.044455066921606,354674.0,47818.0
Alabama-10,Weather,Severe Weather,2020-10-29 02:00:00,2020-10-31 09:00:00,2020,57,1,14.093201754385966,531550.0,114468.0
Alabama-11,Physical/Security,Vandalism,2020-02-17 09:47:00,2020-02-17 15:31:00,2020,13,1,1.5192307692307692,15443.0,5019.0
Alabama-12,Physical/Security,Vandalism,2020-05-19 20:04:00,2020-05-19 22:00:00,2020,17,1,1.23,11519.0,1372.0
Alabama-13,Physical/Security,Vandalism,2020-05-31 21:30:00,2020-06-01 01:00:00,2020,25,1,1.2023809523809523,41655.0,8316.0
Alabama-2,Weather,Severe Weather - Winter,2015-02-18 15:00:00,2015-02-20 09:00:00,2015,52,1,2.759025270758123,96802.0,10606.0
Alabama-3,Weather,Severe Weather,2015-07-14 20:00:00,2015-07-15 09:23:00,2015,59,1,6.1279863481228665,266789.0,34661.0
Alabama-4,Weather,Severe Weather,2017-10-08 03:00:00,2017-10-08 03:00:00,2017,53,1,3.6372549019607843,132301.0,17699.0
Alabama-5,Weather,Severe Weather,2017-12-08 10:00:00,2017-12-10 20:50:00,2017,56,1,4.538300835654596,249595.0,71413.0
Alabama-6,Weather,Severe Weather,2017-05-27 23:00:00,2017-05-27 23:00:00,2017,51,1,2.7241379310344827,152051.0,71413.0
Alabama-7,Weather,Severe Weather/Transmission Interruption,2020-09-15 22:00:00,2020-09-20 15:00:00,2020,52,1,5.589189189189189,212700.0,71413.0
Alabama-8,Weather,Severe Weather,2020-10-28 21:37:00,2020-11-02 19:30:00,2020,58,1,12.333069620253164,586660.0,114468.0
Alabama-9,Weather,Severe Weather,2020-09-16 03:00:00,2020-09-21 08:00:00,2020,49,1,4.2313829787234045,96923.0,14199.0
Arizona-0,Physical/Security,Sabotage,2015-08-03 08:27:00,2015-08-04 01:18:00,2015,11,1,2.1018518518518516,87958.0,38908.0
Arizona-1,Physical/Security,Sabotage - Operator Action(s),2016-02-26 16:35:00,2016-02-26 20:22:00,2016,10,1,2.574561403508772,63151.0,44798.0
Arizona-2,Equipment/Operational,Fuel Supply Deficiency,2019-09-19 05:55:00,2019-09-19 14:30:00,2019,10,1,1.8680555555555556,88146.0,49571.0
Arizona-3,Equipment/Operational,System Operations,2020-11-10 10:42:00,2020-11-10 12:45:00,2020,3,1,2.4,5636.0,3142.0
Arkansas-0,Equipment/Operational,Fuel Supply Emergency - Coal,2014-11-24 00:00:00,2014-11-24 00:00:00,2014,72,1,6.486627043090639,311246.0,50630.0
Arkansas-1,Weather,Severe Weather,2015-05-26 05:30:00,2015-05-27 19:00:00,2015,71,1,6.903935185185185,323539.0,50630.0
Arkansas-2,Weather,Severe Weather,2015-07-14 15:29:00,2015-07-15 11:55:00,2015,73,1,7.993498817966903,297456.0,42464.0
Arkansas-3,Physical/Security,Sabotage,2015-11-02 17:37:00,2015-11-04 09:00:00,2015,69,1,4.69475138121547,189628.0,13818.0
Arkansas-4,Physical/Security,Suspicious Activity,2018-09-01 00:00:00,2018-09-01 15:22:00,2018,66,1,6.523162939297125,220742.0,54738.0
Arkansas-5,Equipment/Operational,System Operations,2018-11-13 18:19:00,2018-11-13 19:40:00,2018,61,1,2.6682926829268294,79448.0,10008.0
Arkansas-6,Physical/Security,Vandalism,2019-07-09 01:59:00,2019-07-09 15:50:00,2019,54,1,3.2242524916943522,88058.0,8154.0
Arkansas-7,Physical/Security,Vandalism,2019-10-16 07:00:00,2019-10-16 07:00:00,2019,37,1,2.830769230769231,35701.0,3126.0
Arkansas-8,Weather,Severe Weather/Transmission Interruption,2020-01-11 02:25:00,2020-01-11 07:56:00,2020,66,1,4.827067669172933,145294.0,8388.0
Arkansas-9,Equipment/Operational,Transmission Interruption,2020-06-29 14:32:00,2020-06-29 16:35:00,2020,33,1,2.6302083333333335,26905.0,3558.0
California-0,Physical/Security,Suspected Physical Attack - Vandalism,2014-11-19 14:44:00,2014-11-19 14:45:00,2014,54,1,4.4250805585392055,446395.0,76167.0
California-1,Equipment/Operational,Distribution Interruption - Unknown Cause,2014-12-11 07:21:00,2014-12-11 21:53:00,2014,54,1,4.681631722880583,673355.0,156263.0
California-10,Physical/Security,Vandalism,2015-06-20 13:52:00,2015-06-20 15:30:00,2015,57,1,4.134022708840227,899588.0,89427.0
California-11,Weather,Severe Weather,2015-06-30 10:50:00,2015-07-01 21:00:00,2015,54,1,3.7645569620253165,535205.0,40754.0
California-12,Weather,Severe Weather,2015-06-30 14:00:00,2015-06-30 21:00:00,2015,56,1,3.374340770791075,1485408.0,122875.0
California-13,Physical/Security,Suspicious Activity ,2015-07-03 08:30:00,2015-07-03 14:30:00,2015,53,1,4.688687392055268,476537.0,78121.0
California-14,Equipment/Operational,System Operations,2015-07-15 02:00:00,2015-07-15 02:55:00,2015,52,1,4.263412017167382,595391.0,106947.0
California-15,Equipment/Operational,System Operations,2015-07-18 18:26:00,2015-07-18 21:03:00,2015,55,1,3.683748169838946,477509.0,51898.0
California-16,Weather,Severe Weather,2015-07-18 19:59:00,2015-07-18 22:45:00,2015,56,1,4.397009029345372,985703.0,348829.0
California-17,Equipment/Operational,System Operations,2015-07-27 03:52:00,2015-07-27 04:36:00,2015,58,1,3.6004050925925926,401281.0,30341.0
California-18,Equipment/Operational,System Operations,2015-09-20 13:12:00,2015-09-20 13:44:00,2015,54,1,4.922364672364672,547919.0,68549.0
California-19,Other/Unknown,Other,2015-10-13 16:32:00,2015-10-13 20:39:00,2015,55,1,3.9439066059225514,426214.0,30341.0
California-2,Equipment/Operational,System Operations,2015-03-26 15:21:00,2015-03-26 16:59:00,2015,54,1,3.437289088863892,362076.0,55472.0
California-20,Weather,Severe Weather,2015-10-18 07:00:00,2015-10-18 23:29:00,2015,54,1,3.538704128440367,201713.0,14355.0
California-21,Weather,Severe Weather,2015-12-10 06:01:00,2015-12-10 07:13:00,2015,54,1,3.683524734982332,313106.0,27924.0
California-22,Weather,Severe Weather,2015-12-10 03:53:00,2015-12-10 04:08:00,2015,54,1,3.463105303612606,611893.0,65760.0
California-23,Physical/Security,Vandalism,2015-12-10 17:55:00,2015-12-10 17:56:00,2015,53,1,2.7516339869281046,479079.0,133885.0
California-24,Weather,Severe Weather,2017-08-31 14:49:00,2017-08-31 17:14:00,2017,55,1,4.287714987714987,523129.0,76167.0
California-25,Equipment/Operational,System Operations,2017-08-21 23:41:00,2017-08-22 00:21:00,2017,52,1,4.087433510638298,283941.0,27492.0
California-26,Weather,Severe Weather/Transmission Interruption,2017-12-10 01:25:00,2017-12-10 02:30:00,2017,51,1,3.241043613707165,205421.0,20547.0
California-27,Equipment/Operational,Fuel Supply Deficiency,2018-07-16 05:15:00,2018-07-16 05:15:00,2018,52,1,3.248849252013809,366674.0,55472.0
California-28,Physical/Security,Vandalism,2018-12-18 08:47:00,2018-12-18 08:48:00,2018,52,1,3.2302631578947367,223328.0,28651.0
California-29,Physical/Security,Suspicious Activity,2018-12-13 10:00:00,2018-12-13 10:00:00,2018,50,1,4.122895622895623,205766.0,31433.0
California-3,Physical/Security,Vandalism,2015-03-29 04:26:00,2015-03-29 09:21:00,2015,49,1,3.558363417569194,339984.0,76180.0
California-30,Weather,Natural Disaster,2018-07-26 20:24:00,2018-07-26 20:24:00,2018,51,1,3.164375,368649.0,62342.0
California-31,Physical/Security,Vandalism,2018-10-29 05:00:00,2018-11-07 07:00:00,2018,55,1,3.502184200946487,771282.0,109409.0
California-32,Physical/Security,Vandalism,2019-03-13 06:12:00,2019-03-13 06:13:00,2019,50,1,3.9888830068819483,535740.0,89427.0
California-33,Physical/Security,Suspicious Activity,2019-03-29 23:36:00,2019-03-30 02:00:00,2019,47,1,3.3125,177592.0,16398.0
California-34,Equipment/Operational,Distribution Interruption,2019-08-15 23:03:00,2019-08-16 00:37:00,2019,51,1,3.704095409540954,765307.0,89427.0
California-35,Physical/Security,Vandalism,2019-08-13 10:00:00,2019-08-13 11:00:00,2019,54,1,3.1450482715664902,537852.0,61314.0
California-36,Weather,Severe Weather,2019-01-06 17:56:00,2019-01-06 21:52:00,2019,51,1,1.5354651162790698,363492.0,135474.0
California-37,Physical/Security,Vandalism,2019-11-27 02:44:00,2019-11-27 16:00:00,2019,51,1,1.800700832238283,340891.0,84083.0
California-38,Physical/Security,Vandalism,2019-07-23 03:22:00,2019-07-23 05:40:00,2019,50,1,3.58889816360601,263638.0,26509.0
California-39,Physical/Security,Vandalism,2020-01-20 06:30:00,2020-01-20 06:31:00,2020,53,1,3.959577114427861,253214.0,27492.0
California-4,Equipment/Operational,System Operations,2015-04-06 08:12:00,2015-04-06 12:08:00,2015,53,1,3.898905803996194,437624.0,106514.0
California-40,Physical/Security,Vandalism,2020-02-25 11:45:00,2020-02-25 13:00:00,2020,47,1,3.2211021505376345,216558.0,33447.0
California-41,Physical/Security,Vandalism,2020-03-16 08:00:00,2020-03-16 08:01:00,2020,45,1,3.8007712082262213,293972.0,69680.0
California-42,Equipment/Operational,Transmission Interruption,2020-07-07 11:38:00,2020-07-07 18:24:00,2020,41,1,3.389130434782609,110500.0,12403.0
California-43,Physical/Security,Suspicious Activity,2020-09-01 13:04:00,2020-09-01 13:05:00,2020,50,1,3.3453177257525084,162305.0,16620.0
California-44,Weather,Severe Weather,2020-09-06 17:00:00,2020-09-07 03:00:00,2020,52,1,5.202875399361022,316849.0,30341.0
California-45,Cyber,Cyber Event,2020-12-20 05:06:00,2020-12-20 05:22:00,2020,32,1,2.7994505494505493,65263.0,16133.0
California-46,Physical/Security,Suspicious Activity,2020-03-24 12:45:00,2020-03-24 14:00:00,2020,34,1,3.017857142857143,100979.0,21338.0
California-47,Equipment/Operational,System Operations,2020-04-24 21:00:00,2020-04-24 21:33:00,2020,32,1,2.8766233766233764,112380.0,18570.0
California-48,Physical/Security,Suspicious Activity,2020-11-01 12:31:00,2020-11-01 12:35:00,2020,40,1,2.9531872509960158,166878.0,36421.0
California-49,Equipment/Operational,Fuel Supply Deficiency,2020-11-14 07:40:00,2020-11-14 07:40:00,2020,49,1,3.7330623306233064,189556.0,42635.0
California-5,Equipment/Operational,System Operations,2015-04-07 15:34:00,2015-04-07 15:46:00,2015,49,1,3.1911945812807883,266039.0,29360.0
California-50,Equipment/Operational,System Operations,2020-08-01 08:16:00,2020-08-01 09:15:00,2020,46,1,2.648854961832061,164942.0,22809.0
California-51,Weather,Severe Weather,2020-12-03 00:44:00,2020-12-05 11:03:00,2020,47,1,1.4143126177024483,135786.0,15017.0
California-52,Weather,Severe Weather,2020-04-05 15:46:00,2020-04-05 17:35:00,2020,46,1,3.272633744855967,129827.0,20512.0
California-53,Weather,Severe Weather,2020-08-17 08:21:00,2020-08-17 09:01:00,2020,48,1,3.4026315789473682,165463.0,19624.0
California-54,Equipment/Operational,System Operations,2022-04-16 05:30:00,2022-04-16 11:38:00,2022,33,1,2.6893939393939394,71729.0,9022.0
California-55,Equipment/Operational,System Operations,2022-06-06 10:21:00,2022-06-06 10:24:00,2022,37,1,2.92258064516129,75898.0,15646.0
California-56,Equipment/Operational,System Operations,2022-07-30 19:35:00,2022-08-01 13:17:00,2022,44,1,3.335526315789474,114215.0,11146.0
California-57,Weather,Severe Weather,2022-09-01 15:00:00,2022-09-01 21:00:00,2022,37,1,3.4430894308943087,75211.0,11531.0
California-58,Weather,Severe Weather,2022-09-06 16:00:00,2022-09-06 21:00:00,2022,42,1,2.9175824175824174,124741.0,19541.0
California-59,Weather,Severe Weather,2022-09-07 16:00:00,2022-09-07 21:00:00,2022,41,1,2.963636363636364,133740.0,14395.0
California-6,Physical/Security,Sabotage,2015-05-11 08:32:00,2015-05-11 08:33:00,2015,54,1,3.430917327293318,322276.0,65760.0
California-60,Weather,Severe Weather,2022-09-08 11:54:00,2022-09-08 21:00:00,2022,40,1,2.9580745341614905,177450.0,53475.0
California-61,Weather,Severe Weather,2022-09-09 16:00:00,2022-09-09 21:00:00,2022,40,1,2.805755395683453,110751.0,14395.0
California-62,Physical/Security,Actual Physical Attack,2022-05-25 06:42:00,2022-05-25 06:43:00,2022,36,1,3.301282051282051,130314.0,41756.0
California-63,Physical/Security,Suspicious activity,2022-10-21 11:15:00,2022-10-21 11:18:00,2022,45,1,3.3954918032786887,120657.0,21978.0
California-64,Weather,Severe Weather,2022-01-02 13:21:00,2022-01-02 17:38:00,2022,30,1,2.494047619047619,48564.0,9451.0
California-65,Equipment/Operational,System Operations,2022-02-01 12:13:00,2022-02-01 12:25:00,2022,36,1,4.097619047619047,70846.0,9532.0
California-7,Equipment/Operational,System Operations,2015-06-01 19:19:00,2015-06-02 08:36:00,2015,53,1,3.4616004296455425,914136.0,89427.0
California-8,Equipment/Operational,System Operations,2015-06-02 18:58:00,2015-06-02 19:24:00,2015,49,1,3.4513368983957218,862035.0,89427.0
California-9,Equipment/Operational,System Operations,2015-06-08 00:00:00,2015-06-08 00:00:00,2015,56,1,3.3737517831669046,1354251.0,124111.0
Colorado-0,Physical/Security,Sabotage,2015-02-09 11:30:00,2015-02-09 13:15:00,2015,28,1,1.4957264957264957,38846.0,5459.0
Colorado-1,Weather,Weather,2016-03-23 05:00:00,2016-03-25 23:59:00,2016,36,1,6.779045643153527,307139.0,61512.0
Colorado-2,Physical/Security,Vandalism,2018-07-04 22:00:00,2018-07-04 22:30:00,2018,23,1,2.255813953488372,72789.0,15411.0
Colorado-3,Equipment/Operational,System Operations,2019-01-23 07:26:00,2019-01-23 17:05:00,2019,20,1,1.7551020408163265,51097.0,12971.0
Colorado-4,Physical/Security,Vandalism,2019-05-18 01:55:00,2019-05-18 15:06:00,2019,24,1,2.415492957746479,45818.0,7036.0
Colorado-5,Equipment/Operational,Transmission Interruption,2020-12-03 09:01:00,2020-12-03 09:03:00,2020,23,1,2.5869565217391304,52811.0,17102.0
Colorado-6,Physical/Security,Actual Physical Attack,2020-06-18 12:11:00,2020-06-22 08:11:00,2020,27,1,2.1204545454545456,63348.0,17102.0
Colorado-7,Physical/Security,Vandalism,2020-08-25 02:43:00,2020-08-25 07:43:00,2020,17,1,1.5535714285714286,17577.0,5274.0
Connecticut-0,Weather,Severe Weather - Winter Storm,2014-11-02 13:46:00,2014-11-02 13:46:00,2014,8,1,5.720505617977528,141903.0,38352.0
Connecticut-1,Weather,Severe Weather - Winter Storm,2014-11-26 17:50:00,2014-11-28 07:00:00,2014,8,1,9.366477272727273,221873.0,64829.0
Connecticut-10,Weather,Severe Weather,2020-12-05 16:40:00,2020-12-05 16:40:00,2020,7,1,3.7291666666666665,15882.0,9670.0
Connecticut-11,Weather,Severe Weather,2020-12-25 07:55:00,2020-12-25 16:45:00,2020,7,1,3.9166666666666665,25327.0,8345.0
Connecticut-12,Physical/Security,Suspicious Activity,2020-08-15 17:41:00,2020-08-15 18:48:00,2020,7,1,2.1774193548387095,11065.0,5795.0
Connecticut-2,Cyber,Suspected Cyber Attack,2014-12-30 15:50:00,2014-12-31 11:00:00,2014,8,1,4.153301886792453,104860.0,25287.0
Connecticut-3,Weather,Severe Weather,2016-07-22 23:50:00,2016-07-23 09:10:00,2016,8,1,6.140495867768595,213630.0,47402.0
Connecticut-4,Weather,Severe Weather,2016-07-23 19:30:00,2016-07-24 07:30:00,2016,8,1,3.8341232227488153,83586.0,20492.0
Connecticut-5,Weather,Severe Weather,2016-09-11 12:05:00,2016-09-11 15:10:00,2016,8,1,6.787698412698413,150772.0,50268.0
Connecticut-6,Weather,Severe Weather,2018-11-03 17:20:00,2018-11-04 14:30:00,2018,8,1,3.4611111111111112,39619.0,14293.0
Connecticut-7,Weather,Severe Weather,2020-10-07 18:50:00,2020-10-09 15:00:00,2020,8,1,4.390625,31368.0,9118.0
Connecticut-8,Weather,Severe Weather,2020-11-15 23:05:00,2020-11-16 05:00:00,2020,8,1,4.581521739130435,55481.0,18449.0
Connecticut-9,Weather,Severe Weather,2020-11-30 16:24:00,2020-12-01 14:25:00,2020,8,1,9.983333333333333,44015.0,10851.0
Delaware-0,Weather,Severe Weather,2015-06-23 17:06:00,2015-06-26 16:00:00,2015,3,1,6.4375,87379.0,45881.0
Delaware-1,Physical/Security,Vandalism,2016-02-24 09:10:00,2016-02-24 10:15:00,2016,3,1,1.3833333333333333,8682.0,3803.0
Delaware-2,Physical/Security,Vandalism,2016-06-17 04:30:00,2016-06-17 04:31:00,2016,2,1,2.125,2390.0,2188.0
Delaware-3,Physical/Security,Suspicious Activity,2016-07-21 06:18:00,2016-07-21 14:45:00,2016,3,1,1.125,3151.0,2202.0
Delaware-4,Physical/Security,Vandalism,2016-08-04 14:15:00,2016-08-04 14:23:00,2016,1,1,2.0,417.0,417.0
Florida-0,Weather,Weather,2016-06-17 15:40:00,2016-06-18 08:34:00,2016,66,1,2.3010460251046023,347751.0,25521.0
Florida-1,Weather,Severe Weather,2016-09-01 22:00:00,2016-09-01 22:00:00,2016,67,1,2.8264583333333335,7674970.0,1777800.0
Florida-10,Equipment/Operational,System Operations,2020-09-04 01:07:00,2020-09-04 01:37:00,2020,61,1,1.7890879478827362,137531.0,7348.0
Florida-11,Equipment/Operational,System Operations,2020-10-22 22:48:00,2020-10-22 23:34:00,2020,58,1,6.541743119266055,990775.0,225500.0
Florida-12,Equipment/Operational,Transmission Interruption,2020-10-12 04:06:00,2020-10-12 04:07:00,2020,52,1,1.4715099715099715,124203.0,20497.0
Florida-13,Cyber,Cyber Event,2022-03-31 22:43:00,2022-03-31 22:43:00,2022,34,1,1.875968992248062,87407.0,12373.0
Florida-14,Equipment/Operational,System Operations,2022-07-19 15:42:00,2022-07-19 16:12:00,2022,45,1,2.0140625,101560.0,8233.0
Florida-15,Equipment/Operational,System Operations,2022-08-09 12:12:00,2022-08-09 13:08:00,2022,41,1,1.9903100775193798,80735.0,6253.0
Florida-16,Weather,Severe Weather,2022-09-29 03:27:00,2022-09-29 03:27:00,2022,37,1,9.906976744186046,925694.0,225500.0
Florida-2,Weather,Severe Weather,2016-10-06 19:30:00,2016-10-08 18:00:00,2016,67,1,4.74469696969697,8456413.0,1777800.0
Florida-3,Weather,Severe Weather,2016-10-07 22:45:00,2016-10-07 22:45:00,2016,67,1,3.0330310880829017,7620131.0,1777800.0
Florida-4,Weather,Severe Weather,2016-09-02 04:00:00,2016-09-02 16:00:00,2016,67,1,7.847599622412514,1872408.0,229025.0
Florida-5,Weather,Severe Weather,2016-10-07 08:00:00,2016-10-09 13:00:00,2016,67,1,8.538824090375586,7802748.0,1777800.0
Florida-6,Physical/Security,Sabotage,2016-04-01 16:37:00,2016-04-01 18:00:00,2016,63,1,1.6291486291486292,229415.0,15946.0
Florida-7,Weather,Severe Weather,2016-09-02 00:40:00,2016-09-04 20:00:00,2016,67,1,3.4463730569948186,7580509.0,1777800.0
Florida-8,Physical/Security,Suspected Physical Attack,2017-01-05 16:56:00,2017-01-05 16:57:00,2017,61,1,1.7910209662716499,188847.0,19286.0
Florida-9,Weather,Severe Weather/Transmission Interruption,2018-07-23 04:16:00,2018-07-23 04:29:00,2018,54,1,1.4569805194805194,138971.0,21033.0
Georgia-0,Weather,Severe Weather - Winter,2015-01-07 17:00:00,2015-01-08 08:35:00,2015,151,1,4.370591039084843,481079.0,24119.0
Georgia-1,Weather,Severe Weather - Winter,2015-02-16 21:00:00,2015-02-18 14:00:00,2015,149,1,4.649197355996223,671738.0,75787.0
Georgia-10,Physical/Security,Vandalism,2022-08-01 09:44:00,2022-08-01 09:45:00,2022,59,1,1.6386138613861385,52387.0,3713.0
Georgia-11,Physical/Security,Vandalism,2022-08-12 14:46:00,2022-08-12 14:47:00,2022,27,1,1.736842105263158,19687.0,2043.0
Georgia-12,Equipment/Operational,System Operations,2022-03-08 13:50:00,2022-03-08 14:39:00,2022,28,1,1.2159090909090908,44920.0,16904.0
Georgia-2,Weather,Severe Weather - Winter,2015-02-16 21:41:00,2015-02-18 07:00:00,2015,150,1,5.289247751430907,936364.0,141489.0
Georgia-3,Weather,Severe Weather - Winter,2015-02-18 15:00:00,2015-02-20 09:00:00,2015,115,1,2.9124748490945676,299944.0,79773.0
Georgia-4,Weather,Severe Weather,2017-06-15 17:00:00,2017-06-15 22:00:00,2017,148,1,5.367768595041323,611467.0,46734.0
Georgia-5,Weather,Severe Weather,2017-09-11 02:27:00,2017-09-15 20:44:00,2017,155,1,13.092321755027422,1556936.0,176310.0
Georgia-6,Weather,Severe Weather,2017-12-08 10:00:00,2017-12-10 20:50:00,2017,104,1,4.336382113821138,462767.0,67177.0
Georgia-7,Weather,Severe Weather/Transmission Interruption,2020-09-15 22:00:00,2020-09-20 15:00:00,2020,115,1,2.1436046511627906,159224.0,15520.0
Georgia-8,Weather,Severe Weather,2020-10-28 21:37:00,2020-11-02 19:30:00,2020,134,1,9.654945054945054,1217775.0,178832.0
Georgia-9,Physical/Security,Vandalism,2022-06-03 03:48:00,2022-06-03 03:49:00,2022,26,1,1.45,36188.0,14988.0
Idaho-0,Physical/Security,Suspected Physical Attack - Vandalism,2014-11-21 20:29:00,2014-11-23 00:16:00,2014,25,1,2.6942857142857144,108423.0,27135.0
Idaho-1,Physical/Security,Vandalism,2016-03-01 13:35:00,2016-03-01 13:35:00,2016,30,1,2.1732673267326734,67352.0,11807.0
Idaho-2,Physical/Security,Vandalism,2017-07-06 00:00:00,2017-07-06 00:00:00,2017,20,1,1.8372093023255813,18187.0,2067.0
Idaho-3,Physical/Security,Vandalism,2019-11-05 15:40:00,2019-11-05 17:11:00,2019,11,1,1.8333333333333333,16392.0,7525.0
Idaho-4,Equipment/Operational,Transmission Interruption,2019-06-28 14:25:00,2019-06-28 14:25:00,2019,20,1,2.2567567567567566,24159.0,4629.0
Illinois-0,Weather,Severe Weather,2015-08-03 00:30:00,2015-08-03 02:00:00,2015,94,1,7.680904522613066,881956.0,279858.0
Illinois-1,Weather,Severe Weather,2018-08-29 00:00:00,2018-08-30 00:00:00,2018,71,1,3.017857142857143,136567.0,19497.0
Illinois-2,Equipment/Operational,System Operations,2018-09-25 00:33:00,2018-09-25 03:10:00,2018,93,1,7.802162048698572,807929.0,279858.0
Illinois-3,Equipment/Operational,System Operations,2018-10-03 07:38:00,2018-10-03 07:48:00,2018,83,1,7.00503524672709,729463.0,279858.0
Illinois-4,Equipment/Operational,System Operations,2018-11-03 05:53:00,2018-11-03 05:57:00,2018,58,1,1.8287671232876712,78569.0,10540.0
Illinois-5,Weather,Severe Weather,2018-11-25 22:30:00,2018-11-28 20:17:00,2018,72,1,5.773702692157628,179599.0,27278.0
Illinois-6,Equipment/Operational,System Operations,2020-04-01 21:43:00,2020-04-01 22:18:00,2020,62,1,2.221638655462185,126997.0,19497.0
Illinois-7,Physical/Security,- Suspicious activity,2023-09-15 16:30:00,2023-09-15 17:00:00,2023,12,1,1.175,8890.0,1487.0
Illinois-8,Physical/Security,- Suspicious activity,2023-11-19 14:00:00,2023-11-19 14:10:00,2023,13,1,0.89,10050.0,2033.0
Indiana-0,Physical/Security,Sabotage,2015-11-10 12:00:00,2015-11-10 14:00:00,2015,77,1,5.570884146341464,334493.0,65956.0
Indiana-1,Weather,Severe Weather,2018-11-15 05:28:00,2018-11-15 08:35:00,2018,76,1,6.476760563380282,222450.0,13222.0
Indiana-2,Equipment/Operational,System Operations,2018-09-19 11:00:00,2018-09-20 12:00:00,2018,75,1,4.502442996742671,222357.0,40845.0
Indiana-3,Weather,Severe Weather,2020-11-15 11:30:00,2020-11-16 03:25:00,2020,51,1,2.8682634730538923,99570.0,16873.0
Indiana-4,Equipment/Operational,System Operations,2020-05-13 23:16:00,2020-05-14 13:52:00,2020,32,1,1.6742424242424243,39378.0,4763.0
Indiana-5,Physical/Security,Suspicious Activity,2021-09-18 04:30:00,2021-09-18 06:00:00,2021,27,1,2.0,33318.0,12991.0
Indiana-6,Equipment/Operational,Transmission Interruption,2021-12-07 14:33:00,2021-12-07 15:40:00,2021,9,1,1.4230769230769231,10808.0,2765.0
Iowa-0,Equipment/Operational,System Operations,2016-09-22 10:56:00,2016-09-22 11:41:00,2016,75,1,3.3666666666666667,146005.0,32746.0
Iowa-1,Equipment/Operational,Transmission Interruption,2019-02-27 11:25:00,2019-02-27 17:39:00,2019,97,1,7.43,239263.0,13943.0
Iowa-2,Weather,Severe Weather,2020-08-10 11:00:00,2020-08-10 16:00:00,2020,96,1,7.284517426273458,227882.0,13943.0
Iowa-3,Weather,Severe Weather,2020-08-10 10:00:00,2020-08-10 10:00:00,2020,51,1,5.633495145631068,96901.0,19067.0
Kansas-0,Weather,Severe Weather,2015-06-26 02:00:00,2015-06-26 02:00:00,2015,55,1,5.671875,202210.0,50275.0
Kansas-1,Physical/Security,Vandalism,2015-12-05 21:00:00,2015-12-05 22:30:00,2015,49,1,5.338768115942029,104637.0,32907.0
Kansas-10,Equipment/Operational,System Operations,2021-06-15 11:30:00,2021-06-15 13:35:00,2021,9,1,1.40625,8613.0,3723.0
Kansas-2,Physical/Security,Vandalism,2015-12-02 13:03:00,2015-12-03 12:29:00,2015,42,1,1.5759493670886076,90942.0,32907.0
Kansas-3,Weather,Severe Weather,2021-02-15 08:50:00,2021-02-18 09:30:00,2021,35,1,1.4957627118644068,84085.0,32907.0
Kansas-4,Weather,Severe Weather,2021-02-15 12:18:00,2021-02-15 13:22:00,2021,35,1,1.5377358490566038,71601.0,32907.0
Kansas-5,Weather,Severe Weather,2021-02-16 07:03:00,2021-02-20 22:00:00,2021,38,1,1.5,86590.0,32907.0
Kansas-6,Equipment/Operational,Fuel Supply Deficiency,2021-02-17 09:00:00,2021-02-19 09:00:00,2021,4,1,0.6,15754.0,13814.0
Kansas-7,Weather,Severe Weather,2021-12-15 16:37:00,2021-12-16 11:30:00,2021,71,1,8.952875399361023,175031.0,23275.0
Kansas-8,Weather,Severe Weather,2021-12-15 19:00:00,2021-12-16 03:00:00,2021,66,1,9.725524475524475,159254.0,23275.0
Kansas-9,Equipment/Operational,Transmission Interruption,2021-06-10 22:28:00,2021-06-10 23:07:00,2021,23,1,7.007142857142857,49123.0,12438.0
Kentucky-0,Weather,Severe Weather - Winter,2015-01-07 17:00:00,2015-01-08 08:35:00,2015,107,1,5.360169491525424,237382.0,18940.0
Kentucky-1,Weather,Severe Weather - Winter,2015-02-16 21:00:00,2015-02-18 14:00:00,2015,113,1,8.233844911147012,391402.0,24611.0
Kentucky-2,Weather,Severe Weather - Winter,2015-02-18 15:00:00,2015-02-20 09:00:00,2015,100,1,4.505285412262157,171323.0,10394.0
Kentucky-3,Physical/Security,Vandalism,2015-06-01 00:27:00,2015-06-01 02:15:00,2015,101,1,4.168463611859838,287355.0,58693.0
Kentucky-4,Weather,Severe Weather,2015-07-13 14:14:00,2015-07-16 06:00:00,2015,102,1,4.275490196078431,254836.0,36559.0
Kentucky-5,Weather,Severe Weather,2018-11-15 03:23:00,2018-11-15 17:35:00,2018,71,1,4.479050279329609,102744.0,8821.0
Kentucky-6,Weather,Severe Weather,2018-11-15 05:38:00,2018-11-16 06:00:00,2018,107,1,18.368595041322315,311186.0,24611.0
Kentucky-7,Physical/Security,Suspicious Activity,2020-06-25 09:40:00,2020-06-25 11:00:00,2020,75,1,2.9191176470588234,156842.0,19090.0
Kentucky-8,Physical/Security,Suspicious Activity,2020-07-13 16:30:00,2020-07-13 16:31:00,2020,10,1,0.7727272727272727,5688.0,1497.0
Kentucky-9,Physical/Security,Suspicious Activity,2020-07-15 11:00:00,2020-07-15 11:20:00,2020,19,1,1.5263157894736843,9825.0,1584.0
Louisiana-0,Equipment/Operational,Fuel Supply Emergency - Coal,2014-11-24 00:00:00,2014-11-24 00:00:00,2014,62,1,3.910736579275905,350571.0,39045.0
Louisiana-1,Weather,Severe Weather,2015-05-26 05:30:00,2015-05-27 19:00:00,2015,63,1,5.954343534057256,522480.0,55164.0
Louisiana-10,Weather,Severe Weather,2019-10-26 05:15:00,2019-10-26 17:31:00,2019,62,1,11.00925925925926,451651.0,40301.0
Louisiana-11,Weather,Severe Weather,2020-10-09 19:50:00,2020-10-11 15:09:00,2020,62,1,13.219036697247706,391972.0,38231.0
Louisiana-12,Weather,Severe Weather,2020-10-09 20:00:00,2020-10-15 07:00:00,2020,63,1,15.29016620498615,541506.0,50670.0
Louisiana-13,Weather,Severe Weather,2020-10-10 02:22:00,2020-10-10 05:00:00,2020,48,1,10.342391304347826,125833.0,15820.0
Louisiana-14,Weather,Severe Weather,2020-10-28 17:12:00,2020-10-29 16:30:00,2020,41,1,5.350340136054422,550078.0,180496.0
Louisiana-15,Weather,Severe Weather,2020-10-28 18:00:00,2020-10-29 01:15:00,2020,38,1,6.2094017094017095,548315.0,180496.0
Louisiana-16,Equipment/Operational,Transmission Interruption,2021-06-16 10:40:00,2021-06-16 10:43:00,2021,24,1,1.8316326530612246,26828.0,4485.0
Louisiana-17,Equipment/Operational,Transmission Interruption,2021-08-29 09:32:00,2021-08-29 21:32:00,2021,44,1,5.534172661870503,934120.0,201639.0
Louisiana-18,Weather,Severe Weather,2021-08-29 11:30:00,2021-08-29 11:30:00,2021,42,1,5.676,886375.0,201639.0
Louisiana-19,Weather,Severe Weather,2021-08-29 17:53:00,2021-08-29 17:53:00,2021,42,1,5.8119266055045875,866781.0,201639.0
Louisiana-2,Weather,Severe Weather,2016-07-14 16:30:00,2016-07-16 00:00:00,2016,63,1,4.526817640047676,408002.0,43274.0
Louisiana-20,Weather,Severe Weather,2021-08-29 18:00:00,2021-09-03 13:41:00,2021,51,1,5.9890625,883290.0,201639.0
Louisiana-21,Weather,Severe Weather,2021-08-29 18:04:00,2021-08-31 22:36:00,2021,51,1,4.919463087248322,879532.0,201639.0
Louisiana-22,Weather,Severe Weather,2021-08-29 22:39:00,2021-09-03 08:38:00,2021,50,1,6.473776223776224,881244.0,201639.0
Louisiana-23,Equipment/Operational,System Operations,2021-10-22 19:55:00,2021-10-23 05:55:00,2021,20,1,2.524390243902439,14363.0,5573.0
Louisiana-24,Equipment/Operational,System Operations,2021-10-27 17:57:00,2021-10-28 16:49:00,2021,46,1,3.109271523178808,103307.0,13794.0
Louisiana-25,Physical/Security,Vandalism,2021-12-12 06:14:00,2021-12-12 06:40:00,2021,18,1,1.7857142857142858,33056.0,21056.0
Louisiana-3,Weather,Severe Weather,2017-10-22 08:45:00,2017-10-22 14:00:00,2017,63,1,6.408921933085502,403394.0,43274.0
Louisiana-4,Physical/Security,Suspicious Activity,2017-11-07 12:29:00,2017-11-07 12:29:00,2017,63,1,5.3085,459531.0,43274.0
Louisiana-5,Physical/Security,Vandalism,2017-12-05 06:50:00,2017-12-05 09:00:00,2017,63,1,5.534351145038168,406560.0,42398.0
Louisiana-6,Weather,Severe Weather,2017-12-08 09:30:00,2017-12-08 22:30:00,2017,63,1,7.858680555555556,667398.0,117688.0
Louisiana-7,Equipment/Operational,System Operations,2018-11-13 18:19:00,2018-11-13 19:40:00,2018,63,1,4.874338624338624,435918.0,46974.0
Louisiana-8,Equipment/Operational,Transmission Interruption,2019-08-18 15:59:00,2019-08-18 23:00:00,2019,63,1,7.293772563176895,361389.0,46974.0
Louisiana-9,Physical/Security,Vandalism,2019-10-16 07:00:00,2019-10-16 07:00:00,2019,60,1,4.938741721854305,238343.0,24129.0
Maine-0,Weather,Severe Weather - Winter Storm,2014-11-02 13:46:00,2014-11-02 13:46:00,2014,16,1,8.484883720930233,227125.0,39495.0
Maine-1,Weather,Severe Weather - Winter Storm,2014-11-26 17:50:00,2014-11-28 07:00:00,2014,16,1,8.527777777777779,162841.0,42304.0
Maine-10,Equipment/Operational,System Operations,2020-08-20 00:03:00,2020-08-20 14:05:00,2020,16,1,5.916666666666667,67941.0,10075.0
Maine-11,Weather,Severe Weather,2020-08-27 17:11:00,2020-08-28 10:00:00,2020,16,1,8.016483516483516,99462.0,25494.0
Maine-12,Equipment/Operational,System Operations,2020-08-28 00:25:00,2020-08-28 01:00:00,2020,16,1,6.8076923076923075,61213.0,15504.0
Maine-13,Weather,Severe Weather,2020-09-30 05:55:00,2020-09-30 23:30:00,2020,16,1,15.176470588235293,145013.0,24510.0
Maine-14,Weather,Severe Weather,2020-10-07 18:50:00,2020-10-09 15:00:00,2020,15,1,1.9301470588235294,38084.0,11398.0
Maine-15,Equipment/Operational,System Operations,2020-10-29 11:58:00,2020-10-29 13:10:00,2020,4,1,3.375,3082.0,2038.0
Maine-16,Weather,Severe Weather,2020-11-15 23:05:00,2020-11-16 05:00:00,2020,14,1,4.261363636363637,40013.0,9741.0
Maine-17,Equipment/Operational,System Operations,2020-11-18 10:20:00,2020-11-18 11:18:00,2020,7,1,0.8928571428571429,2754.0,882.0
Maine-18,Weather,Severe Weather,2020-11-30 16:24:00,2020-12-01 14:25:00,2020,16,1,14.371621621621621,129422.0,32078.0
Maine-19,Weather,Severe Weather,2020-12-05 16:40:00,2020-12-05 16:40:00,2020,10,1,19.375,35648.0,7541.0
Maine-2,Physical/Security,Suspected Physical Attack - Vandalism,2014-12-03 12:15:00,2014-12-03 12:16:00,2014,16,1,5.48314606741573,449496.0,99605.0
Maine-20,Weather,Severe Weather,2020-12-25 07:55:00,2020-12-25 16:45:00,2020,15,1,2.4583333333333335,29169.0,5499.0
Maine-21,Physical/Security,Vandalism,2020-09-16 02:09:00,2020-09-16 02:20:00,2020,8,1,1.1923076923076923,10265.0,3568.0
Maine-3,Cyber,Suspected Cyber Attack,2014-12-30 15:50:00,2014-12-31 11:00:00,2014,16,1,2.4450354609929077,64074.0,22401.0
Maine-4,Weather,Weather or Natural Disaster,2016-12-30 02:30:00,2016-12-30 19:00:00,2016,16,1,6.067241379310345,155333.0,28105.0
Maine-5,Weather,Severe Weather,2018-10-16 04:15:00,2018-10-16 17:11:00,2018,16,1,5.367307692307692,107185.0,15315.0
Maine-6,Weather,Severe Weather,2018-11-03 17:20:00,2018-11-04 14:30:00,2018,16,1,10.880872483221477,240713.0,42773.0
Maine-7,Weather,Severe Weather,2018-11-27 08:00:00,2018-11-28 16:50:00,2018,16,1,3.6952054794520546,90007.0,21916.0
Maine-8,Equipment/Operational,System Operations,2018-07-20 12:46:00,2018-07-20 13:30:00,2018,14,1,5.8019480519480515,102077.0,37487.0
Maine-9,Equipment/Operational,System Operations,2019-12-11 13:22:00,2019-12-11 16:28:00,2019,16,1,7.463414634146342,113153.0,27863.0
Maryland-0,Physical/Security,Sabotage,2016-04-14 16:49:00,2016-04-15 20:42:00,2016,23,1,0.8732283464566929,300813.0,52297.0
Maryland-1,Weather,Severe Weather,2018-03-02 17:00:00,2018-03-06 11:00:00,2018,23,1,0.7869158878504673,321701.0,52297.0
Maryland-2,Equipment/Operational,System Operations,2018-10-30 14:02:00,2018-10-30 14:42:00,2018,21,1,0.7330375782881002,85834.0,21850.0
Maryland-3,Equipment/Operational,System Operations,2018-12-02 16:17:00,2018-12-02 20:30:00,2018,18,1,0.7892530487804879,107998.0,41962.0
Maryland-4,Equipment/Operational,Transmission Interruption,2018-10-12 03:36:00,2018-10-12 13:56:00,2018,23,1,0.9539473684210527,100931.0,30600.0
Maryland-5,Physical/Security,Suspicious Activity,2018-08-29 03:27:00,2018-08-29 04:00:00,2018,22,1,1.3194888178913737,203826.0,120582.0
Maryland-6,Equipment/Operational,System Operations,2018-12-27 00:05:00,2018-12-27 01:05:00,2018,10,1,1.375,7688.0,1598.0
Massachusetts-0,Weather,Severe Weather - Winter Storm,2014-11-02 13:46:00,2014-11-02 13:46:00,2014,14,1,5.455459770114943,433335.0,141383.0
Massachusetts-1,Weather,Severe Weather - Winter Storm,2014-11-26 17:50:00,2014-11-28 07:00:00,2014,14,1,5.7851662404092075,484556.0,148898.0
Massachusetts-10,Weather,Severe Weather,2020-11-30 16:24:00,2020-12-01 14:25:00,2020,13,1,4.188775510204081,73445.0,16046.0
Massachusetts-11,Weather,Severe Weather,2020-12-05 16:40:00,2020-12-05 16:40:00,2020,14,1,4.131147540983607,74275.0,19064.0
Massachusetts-12,Weather,Severe Weather,2020-12-25 07:55:00,2020-12-25 16:45:00,2020,11,1,1.7659574468085106,22783.0,4446.0
Massachusetts-2,Cyber,Suspected Cyber Attack,2014-12-30 15:50:00,2014-12-31 11:00:00,2014,14,1,5.156583629893238,393913.0,128268.0
Massachusetts-3,Weather,Severe Weather,2016-07-22 23:50:00,2016-07-23 09:10:00,2016,14,1,5.191468253968254,330534.0,78644.0
Massachusetts-4,Weather,Severe Weather,2016-07-23 19:30:00,2016-07-24 07:30:00,2016,14,1,5.397249190938512,318018.0,60602.0
Massachusetts-5,Weather,Severe Weather,2016-09-11 12:05:00,2016-09-11 15:10:00,2016,14,1,6.737037037037037,1104449.0,351202.0
Massachusetts-6,Physical/Security,Sabotage,2016-03-30 21:12:00,2016-03-31 15:00:00,2016,13,1,3.65,115395.0,23554.0
Massachusetts-7,Weather,Severe Weather,2018-10-16 04:15:00,2018-10-16 17:11:00,2018,14,1,3.990234375,133063.0,30603.0
Massachusetts-8,Weather,Severe Weather,2018-11-03 17:20:00,2018-11-04 14:30:00,2018,14,1,5.375,259415.0,44540.0
Massachusetts-9,Weather,Severe Weather,2020-11-15 23:05:00,2020-11-16 05:00:00,2020,13,1,2.3176470588235296,32818.0,7513.0
Michigan-0,Weather,Severe Weather - Wind,2014-11-24 12:00:00,2014-11-27 13:00:00,2014,78,1,5.539906103286385,619785.0,170309.0
Michigan-1,Weather,Severe Weather,2015-08-03 01:00:00,2015-08-05 00:00:00,2015,78,1,7.239288774635819,937763.0,231474.0
Michigan-10,Equipment/Operational,System Operations,2019-08-29 23:30:00,2019-08-30 17:30:00,2019,64,1,13.622305619707467,356197.0,49639.0
Michigan-11,Weather,Severe Weather,2019-07-20 03:00:00,2019-07-22 07:00:00,2019,75,1,11.903061224489797,637083.0,157013.0
Michigan-12,Weather,Severe Weather,2019-09-11 22:35:00,2019-09-11 23:59:00,2019,68,1,4.915312753858651,222660.0,62260.0
Michigan-13,Weather,Severe Weather,2019-11-27 12:00:00,2019-11-30 02:00:00,2019,81,1,8.301690187069248,302955.0,44940.0
Michigan-14,Equipment/Operational,System Operations,2019-10-11 10:56:00,2019-10-11 11:46:00,2019,70,1,4.685823754789272,127547.0,16738.0
Michigan-15,Equipment/Operational,System Operations,2021-11-17 12:43:00,2021-11-17 13:25:00,2021,66,1,5.9656521739130435,114949.0,7544.0
Michigan-16,Physical/Security,Vandalism,2023-01-20 10:45:00,2023-01-20 10:45:00,2023,22,1,2.691666666666667,15781.0,2390.0
Michigan-2,Weather,Severe Weather,2015-09-03 02:33:00,2015-09-03 06:25:00,2015,79,1,11.49430184804928,1216793.0,265444.0
Michigan-3,Weather,Severe Weather,2015-11-21 20:30:00,2015-11-23 01:00:00,2015,82,1,14.563426522719949,726353.0,65394.0
Michigan-4,Weather,Severe Weather,2015-12-24 03:00:00,2015-12-26 00:00:00,2015,83,1,10.72393558951965,636521.0,74847.0
Michigan-5,Weather,Severe Weather,2015-08-02 17:45:00,2015-08-04 03:00:00,2015,78,1,8.234256309728007,746267.0,157013.0
Michigan-6,Weather,Severe Weather,2018-08-26 22:00:00,2018-08-27 04:56:00,2018,75,1,10.895197740112994,867773.0,231474.0
Michigan-7,Weather,Severe Weather,2018-03-01 22:20:00,2018-03-04 20:00:00,2018,75,1,6.807663467306539,456630.0,65394.0
Michigan-8,Equipment/Operational,System Operations,2018-10-24 12:32:00,2018-10-24 13:33:00,2018,82,1,7.084003032600455,411488.0,74847.0
Michigan-9,Equipment/Operational,System Operations,2019-08-10 19:59:00,2019-08-10 21:04:00,2019,81,1,5.673833819241983,935530.0,265444.0
Minnesota-0,Physical/Security,Sabotage,2015-03-16 07:31:00,2015-03-16 10:06:00,2015,65,1,5.939935064935065,247822.0,54153.0
Minnesota-1,Weather,Severe Weather,2015-07-18 02:00:00,2015-07-19 07:00:00,2015,42,1,2.3924936386768447,149113.0,46035.0
Minnesota-2,Weather,Severe Weather,2018-06-29 07:35:00,2018-06-29 09:30:00,2018,53,1,7.028213166144201,184877.0,26674.0
Minnesota-3,Equipment/Operational,Transmission Interruption,2019-08-02 01:49:00,2019-08-02 01:55:00,2019,34,1,5.397177419354839,85878.0,27088.0
Minnesota-4,Equipment/Operational,Transmission Interruption,2019-04-12 11:20:00,2019-04-12 12:46:00,2019,51,1,3.5014792899408285,90927.0,11080.0
Minnesota-5,Equipment/Operational,Transmission Interruption,2019-11-03 22:17:00,2019-11-04 11:10:00,2019,32,1,2.7411764705882353,46909.0,7547.0
Minnesota-6,Physical/Security,Vandalism,2019-09-19 18:40:00,2019-09-19 18:46:00,2019,18,1,1.7391304347826086,24467.0,6682.0
Minnesota-7,Equipment/Operational,System Operations,2020-03-19 17:05:00,2020-03-19 17:43:00,2020,7,1,1.3636363636363635,6639.0,3590.0
Mississippi-0,Physical/Security,Sabotage,2015-05-12 00:40:00,2015-05-12 00:45:00,2015,69,1,3.94874715261959,135932.0,10053.0
Mississippi-1,Weather,Severe Weather,2015-05-26 05:30:00,2015-05-27 19:00:00,2015,74,1,7.054775280898877,314628.0,33873.0
Mississippi-10,Equipment/Operational,Transmission Interruption,2020-03-01 11:27:00,2020-03-01 21:47:00,2020,54,1,1.7198795180722892,74833.0,14655.0
Mississippi-11,Weather,Severe Weather,2022-12-24 09:00:00,2022-12-24 11:15:00,2022,31,1,1.1818181818181819,33933.0,3834.0
Mississippi-12,Equipment/Operational,System Operations,2022-01-09 18:08:00,2022-01-09 18:08:00,2022,14,1,0.9270833333333334,12276.0,2458.0
Mississippi-13,Physical/Security,Actual Physical Attack/Vandalism,2022-05-12 14:58:00,2022-05-12 14:59:00,2022,33,1,2.206896551724138,25366.0,2884.0
Mississippi-2,Physical/Security,Actual Physical Attack,2017-10-04 01:20:00,2017-10-04 03:00:00,2017,73,1,4.319767441860465,278080.0,33873.0
Mississippi-3,Weather,Severe Weather,2017-10-08 03:00:00,2017-10-08 03:00:00,2017,73,1,5.155670103092784,293455.0,33873.0
Mississippi-4,Weather,Severe Weather,2017-10-22 08:45:00,2017-10-22 14:00:00,2017,66,1,5.299295774647887,254165.0,33873.0
Mississippi-5,Weather,Severe Weather,2017-12-08 09:30:00,2017-12-08 22:30:00,2017,68,1,7.484285714285714,304273.0,33939.0
Mississippi-6,Weather,Severe Weather,2017-12-08 10:00:00,2017-12-10 20:50:00,2017,61,1,4.858306188925082,172864.0,13579.0
Mississippi-7,Physical/Security,Vandalism,2017-12-18 13:00:00,2017-12-18 17:00:00,2017,37,1,14.769886363636363,259972.0,97348.0
Mississippi-8,Equipment/Operational,System Operations,2017-10-12 09:09:00,2017-10-12 09:09:00,2017,42,1,2.1676136363636362,40397.0,5565.0
Mississippi-9,Physical/Security,Vandalism,2017-03-31 19:15:00,2017-03-31 21:07:00,2017,64,1,2.48868778280543,76743.0,5031.0
Missouri-0,Weather,Severe Weather - Winter,2015-01-07 17:00:00,2015-01-08 08:35:00,2015,74,1,2.360842541436464,225056.0,44212.0
Missouri-1,Equipment/Operational,System Operations,2015-12-10 21:25:00,2015-12-10 22:30:00,2015,85,1,2.908805031446541,193829.0,42597.0
Missouri-10,Physical/Security,Vandalism,2021-12-30 18:51:00,2021-12-30 18:51:00,2021,1,1,0.375,207.0,207.0
Missouri-11,Equipment/Operational,System Operations,2021-06-23 15:47:00,2021-06-23 16:44:00,2021,42,1,2.460227272727273,46290.0,5047.0
Missouri-12,Physical/Security,Suspicious Activity,2021-10-18 22:26:00,2021-10-19 08:19:00,2021,8,1,1.0263157894736843,6994.0,1582.0
Missouri-13,Equipment/Operational,System Operations,2021-09-29 11:48:00,2021-09-29 12:21:00,2021,19,1,1.4444444444444444,15797.0,3367.0
Missouri-14,Weather,Severe Weather,2021-02-14 18:00:00,2021-02-16 22:00:00,2021,41,1,2.3011363636363638,124828.0,42597.0
Missouri-15,Equipment/Operational,System Operations,2021-05-06 17:00:00,2021-05-06 17:15:00,2021,23,1,2.5,38167.0,14394.0
Missouri-2,Weather,Severe Weather,2016-07-07 04:20:00,2016-07-07 08:00:00,2016,93,1,5.47438704028021,265557.0,60214.0
Missouri-3,Weather,Severe Weather,2017-07-23 04:00:00,2017-07-23 04:00:00,2017,66,1,3.465034965034965,186580.0,42597.0
Missouri-4,Weather,Severe Weather,2017-03-06 20:00:00,2017-03-07 01:00:00,2017,69,1,3.1215769593956564,218984.0,63408.0
Missouri-5,Weather,Severe Weather,2017-05-19 05:30:00,2017-05-19 05:30:00,2017,47,1,2.2090643274853803,48257.0,4722.0
Missouri-6,Weather,Severe Weather/Transmisison Interruption,2021-07-10 00:30:00,2021-07-10 05:00:00,2021,52,1,6.135416666666667,99212.0,10703.0
Missouri-7,Weather,Severe Weather,2021-07-10 01:55:00,2021-07-10 01:56:00,2021,50,1,5.4795454545454545,109174.0,14888.0
Missouri-8,Weather,Severe Weather,2021-08-12 18:57:00,2021-08-13 06:00:00,2021,53,1,4.1075,94165.0,17369.0
Missouri-9,Weather,Severe Weather,2021-12-15 16:37:00,2021-12-16 11:30:00,2021,60,1,5.186383928571429,99467.0,21102.0
Montana-0,Equipment/Operational,Transmission Interruption,2017-10-16 15:45:00,2017-10-16 16:09:00,2017,24,1,3.3041666666666667,37234.0,10941.0
Montana-1,Equipment/Operational,Transmission Interruption,2017-10-26 08:17:00,2017-10-26 08:41:00,2017,17,1,3.925,30626.0,7180.0
Montana-2,Cyber,Cyber Event,2022-03-31 22:43:00,2022-03-31 22:43:00,2022,4,1,2.125,2349.0,1381.0
Nebraska-0,Weather,Severe Weather,2017-06-16 20:00:00,2017-06-16 20:00:00,2017,27,1,5.8210227272727275,72405.0,29821.0
Nebraska-1,Equipment/Operational,Transmission Interruption,2019-01-18 21:54:00,2019-01-19 00:19:00,2019,30,1,2.788265306122449,212275.0,138327.0
Nebraska-2,Equipment/Operational,Transmission Interruption,2019-07-23 23:55:00,2019-07-23 23:56:00,2019,18,1,3.438,206089.0,138327.0
Nebraska-3,Equipment/Operational,System Operations,2019-12-19 02:58:00,2019-12-19 03:46:00,2019,25,1,0.9717548076923077,64766.0,29821.0
Nebraska-4,Equipment/Operational,Transmission Interruption,2019-10-19 05:57:00,2019-10-19 13:58:00,2019,24,1,7.673913043478261,43565.0,6971.0
Nebraska-5,Equipment/Operational,Transmission Interruption,2021-02-16 09:31:00,2021-02-16 10:27:00,2021,21,1,0.9435483870967742,62774.0,29821.0
Nebraska-6,Weather,Severe Weather,2021-02-14 20:32:00,2021-02-14 20:32:00,2021,21,1,0.9166666666666666,62870.0,29821.0
Nebraska-7,Equipment/Operational,Fuel Supply Deficiency,2021-02-15 10:00:00,2021-02-15 10:00:00,2021,21,1,0.9166666666666666,62870.0,29821.0
Nevada-0,Physical/Security,Sabotage,2015-12-08 14:00:00,2015-12-08 14:01:00,2015,11,1,1.8097014925373134,23806.0,6447.0
Nevada-1,Physical/Security,Vandalism,2016-10-12 12:09:00,2016-10-12 13:16:00,2016,12,1,1.6342592592592593,37366.0,15388.0
Nevada-10,Physical/Security,Actual Physical Attack,2020-01-22 02:57:00,2020-01-22 03:17:00,2020,2,1,0.375,3823.0,2870.0
Nevada-11,Physical/Security,Vandalism,2020-05-08 13:45:00,2020-05-08 13:46:00,2020,2,1,0.6666666666666666,4139.0,3790.0
Nevada-12,Physical/Security,Vandalism,2020-04-18 19:38:00,2020-04-18 19:38:00,2020,2,1,1.2142857142857142,3357.0,2058.0
Nevada-13,Physical/Security,Actual Physical Attack,2020-07-12 14:08:00,2020-07-12 20:44:00,2020,3,1,2.8125,12422.0,9597.0
Nevada-14,Physical/Security,Vandalism,2020-04-10 16:00:00,2020-04-10 16:00:00,2020,2,1,2.25,8595.0,4773.0
Nevada-15,Physical/Security,Vandalism,2020-04-24 22:00:00,2020-04-24 22:00:00,2020,2,1,1.25,6477.0,4248.0
Nevada-2,Physical/Security,Vandalism,2017-05-28 16:27:00,2017-05-28 16:28:00,2017,9,1,2.676056338028169,25849.0,11681.0
Nevada-3,Physical/Security,Vandalism,2017-11-24 17:06:00,2017-11-26 17:22:00,2017,12,1,2.8136363636363635,50202.0,29918.0
Nevada-4,Equipment/Operational,System Operations,2018-07-28 23:11:00,2018-07-29 01:51:00,2018,9,1,1.75,23169.0,8745.0
Nevada-5,Physical/Security,Vandalism,2020-03-25 10:31:00,2020-03-25 10:31:00,2020,6,1,2.1357142857142857,18929.0,9253.0
Nevada-6,Physical/Security,Vandalism,2020-04-03 09:13:00,2020-04-03 09:13:00,2020,5,1,2.236842105263158,11587.0,5350.0
Nevada-7,Physical/Security,Vandalism,2020-05-20 11:41:00,2020-05-20 11:41:00,2020,9,1,1.8333333333333333,17734.0,5350.0
Nevada-8,Physical/Security,Actual Physical Attack,2020-09-26 05:17:00,2020-09-26 05:41:00,2020,2,1,1.5,14410.0,13097.0
Nevada-9,Physical/Security,Actual Physical Attack,2020-11-21 11:59:00,2020-11-21 12:59:00,2020,1,1,4.5,971.0,971.0
New Hampshire-0,Weather,Severe Weather - Winter Storm,2014-11-02 13:46:00,2014-11-02 13:46:00,2014,10,1,5.627293577981652,88309.0,29794.0
New Hampshire-1,Weather,Severe Weather - Winter Storm,2014-11-26 17:50:00,2014-11-28 07:00:00,2014,10,1,9.224867724867725,226218.0,61747.0
New Hampshire-10,Weather,Severe Weather,2020-12-05 16:40:00,2020-12-05 16:40:00,2020,10,1,25.88235294117647,71830.0,18613.0
New Hampshire-11,Weather,Severe Weather,2020-12-25 07:55:00,2020-12-25 16:45:00,2020,10,1,2.25,6630.0,1680.0
New Hampshire-12,Physical/Security,Vandalism,2020-11-09 12:00:00,2020-11-10 09:45:00,2020,3,1,3.0,6844.0,6173.0
New Hampshire-2,Cyber,Suspected Cyber Attack,2014-12-30 15:50:00,2014-12-31 11:00:00,2014,10,1,12.520440251572326,269971.0,80811.0
New Hampshire-3,Weather,Severe Weather,2016-09-11 12:05:00,2016-09-11 15:10:00,2016,10,1,2.7362385321100917,36321.0,10991.0
New Hampshire-4,Weather,Severe Weather,2018-06-18 18:20:00,2018-06-19 00:15:00,2018,10,1,7.978070175438597,133526.0,30706.0
New Hampshire-5,Weather,Severe Weather,2018-10-16 04:15:00,2018-10-16 17:11:00,2018,10,1,3.964788732394366,33224.0,8776.0
New Hampshire-6,Weather,Severe Weather,2018-11-03 17:20:00,2018-11-04 14:30:00,2018,10,1,4.857142857142857,57797.0,25082.0
New Hampshire-7,Weather,Severe Weather,2018-11-27 08:00:00,2018-11-28 16:50:00,2018,10,1,3.1710526315789473,20411.0,5221.0
New Hampshire-8,Weather,Severe Weather,2020-11-15 23:05:00,2020-11-16 05:00:00,2020,9,1,3.0,8525.0,3452.0
New Hampshire-9,Weather,Severe Weather,2020-11-30 16:24:00,2020-12-01 14:25:00,2020,10,1,2.1875,9220.0,2644.0
New Jersey-0,Weather,Severe Weather,2015-06-23 18:00:00,2015-06-30 18:00:00,2015,21,1,5.901175213675214,653912.0,106447.0
New Jersey-1,Equipment/Operational,System Operations,2015-06-23 18:18:00,2015-06-23 20:30:00,2015,21,1,3.4957337883959045,476328.0,93824.0
New Jersey-2,Weather,Severe Weather,2015-06-23 18:26:00,2015-06-23 18:26:00,2015,21,1,4.747431506849315,698206.0,137151.0
New Jersey-3,Weather,Severe Weather,2018-03-20 19:00:00,2018-03-25 06:30:00,2018,21,1,6.400063856960409,446902.0,93115.0
New Jersey-4,Weather,Severe Weather,2020-08-04 12:18:00,2020-08-08 17:31:00,2020,21,1,40.28333333333333,1162785.0,202864.0
New Jersey-5,Physical/Security,Vandalism,2020-09-23 12:00:00,2020-09-23 13:00:00,2020,10,1,0.6136363636363636,14875.0,5321.0
New Jersey-6,Cyber,Cyber Event,2020-12-14 01:30:00,2020-12-14 01:30:00,2020,12,1,0.9886363636363636,39663.0,20287.0
New Jersey-7,Equipment/Operational,System Operations,2020-03-27 13:06:00,2020-03-27 13:58:00,2020,11,1,2.2222222222222223,12347.0,2536.0
New Jersey-8,Weather,Severe Weather,2020-08-04 12:00:00,2020-08-07 06:00:00,2020,13,1,45.69230769230769,387670.0,93115.0
New Mexico-0,Physical/Security,Sabotage,2015-08-03 08:27:00,2015-08-04 01:18:00,2015,15,1,2.2881944444444446,235312.0,117576.0
New Mexico-1,Equipment/Operational,Generation Inadequacy,2016-09-12 12:30:00,2016-09-12 17:56:00,2016,10,1,1.8010204081632653,146203.0,117576.0
New Mexico-2,Physical/Security,Vandalism,2021-07-03 23:08:00,2021-07-04 02:16:00,2021,15,1,2.5403225806451615,34575.0,8265.0
New Mexico-3,Equipment/Operational,System Operations,2021-06-07 15:19:00,2021-06-07 18:22:00,2021,9,1,1.1477272727272727,11531.0,2715.0
New Mexico-4,Equipment/Operational,System Operations,2021-06-09 19:09:00,2021-06-09 20:50:00,2021,17,1,2.0771604938271606,37661.0,8265.0
New Mexico-5,Other/Unknown,- Other,2023-10-19 10:30:00,2023-10-19 10:52:00,2023,3,1,2.25,834.0,326.0
New York-0,Equipment/Operational,System Operations,2015-07-29 16:45:00,2015-07-29 21:00:00,2015,62,1,5.781040268456376,559704.0,48632.0
New York-1,Physical/Security,Suspicious Activity ,2015-11-13 11:30:00,2015-11-13 11:35:00,2015,62,1,2.9257469244288226,265656.0,22426.0
New York-10,Weather,Severe Weather/Transmission Interruption,2018-07-27 16:28:00,2018-07-27 16:33:00,2018,49,1,2.7625,95902.0,12519.0
New York-11,Physical/Security,Suspicious Activity,2018-08-31 18:34:00,2018-08-31 18:40:00,2018,43,1,2.1837606837606836,62127.0,6451.0
New York-12,Equipment/Operational,Transmission Interruption,2018-12-27 21:12:00,2018-12-27 21:16:00,2018,55,1,6.180555555555555,253191.0,67944.0
New York-13,Equipment/Operational,Fuel Supply Deficiency,2018-01-02 10:00:00,2018-02-12 08:00:00,2018,60,1,4.0392609699769055,451503.0,137473.0
New York-14,Physical/Security,Suspected Physical Attack,2018-05-07 10:30:00,2018-05-07 10:36:00,2018,50,1,3.7,120105.0,32746.0
New York-2,Physical/Security,Vandalism,2015-09-13 17:56:00,2015-09-13 20:37:00,2015,62,1,4.231628242074928,229136.0,21606.0
New York-3,Other/Unknown,Other,2015-12-05 19:22:00,2015-12-06 05:27:00,2015,62,1,7.636681077485866,944613.0,137473.0
New York-4,Equipment/Operational,Fuel Supply Deficiency,2016-05-31 07:30:00,2016-06-13 07:27:00,2016,62,1,3.803376906318083,374668.0,46288.0
New York-5,Equipment/Operational,Fuel Supply Deficiency,2016-09-08 08:30:00,2016-09-25 00:00:00,2016,62,1,5.945027372262774,452054.0,137473.0
New York-6,Physical/Security,Vandalism,2018-03-12 00:00:00,2018-04-06 11:00:00,2018,62,1,6.1688073394495415,735217.0,137473.0
New York-7,Weather,Severe Weather,2018-05-15 16:00:00,2018-05-15 16:00:00,2018,61,1,2.3498552821997105,234663.0,55387.0
New York-8,Weather,Severe Weather,2018-03-02 15:46:00,2018-03-04 19:46:00,2018,60,1,3.7311960542540072,539683.0,137473.0
New York-9,Physical/Security,Suspicious Activity,2018-06-27 14:30:00,2018-06-27 14:33:00,2018,54,1,2.0868320610687023,235176.0,137473.0
North Carolina-0,Physical/Security,Suspected Physical Attack - Vandalism,2014-12-01 10:44:00,2014-12-01 10:45:00,2014,99,1,5.203290870488322,610027.0,62541.0
North Carolina-1,Weather,Severe Weather - Winter,2015-02-16 21:00:00,2015-02-18 14:00:00,2015,99,1,5.348746758859118,605079.0,43378.0
North Carolina-10,Weather,Severe Weather,2018-12-09 08:41:00,2018-12-09 18:00:00,2018,98,1,8.719708029197081,1118876.0,245938.0
North Carolina-11,Weather,Severe Weather,2020-08-04 06:01:00,2020-08-06 15:30:00,2020,99,1,4.744869565217392,791044.0,245938.0
North Carolina-12,Weather,Severe Weather,2022-12-24 04:45:00,2022-12-24 15:45:00,2022,70,1,3.8539156626506026,502409.0,245938.0
North Carolina-13,Equipment/Operational,System Operations,2022-12-24 06:35:00,2022-12-24 16:10:00,2022,70,1,3.9638364779874213,502409.0,245938.0
North Carolina-14,Physical/Security,Actual Physical Attack/Vandalism,2022-03-17 12:59:00,2022-03-17 12:59:00,2022,31,1,2.3526785714285716,42212.0,11499.0
North Carolina-15,Weather,Severe Weather,2022-01-16 12:05:00,2022-01-17 08:45:00,2022,64,1,5.017605633802817,151657.0,18891.0
North Carolina-16,Physical/Security,Vandalism,2022-12-03 19:51:00,2022-12-03 19:51:00,2022,16,1,4.508620689655173,14089.0,2653.0
North Carolina-2,Weather,Severe Weather - Winter,2015-02-17 02:12:00,2015-02-18 16:00:00,2015,98,1,5.560223266745006,648361.0,65797.0
North Carolina-3,Weather,Severe Weather - Winter,2015-02-17 09:00:00,2015-02-18 23:00:00,2015,98,1,11.446482412060302,1129027.0,119303.0
North Carolina-4,Weather,Severe Weather - Winter,2015-02-18 15:00:00,2015-02-20 09:00:00,2015,99,1,9.861616161616162,1155958.0,114738.0
North Carolina-5,Weather,Severe Weather - Winter,2015-02-20 06:00:00,2015-02-20 10:00:00,2015,98,1,5.930575539568346,561027.0,95005.0
North Carolina-6,Weather,Severe Weather - Winter,2015-02-26 03:12:00,2015-02-26 20:00:00,2015,98,1,6.870463709677419,529220.0,95005.0
North Carolina-7,Weather,Severe Weather - Winter,2015-02-26 03:30:00,2015-02-27 12:00:00,2015,94,1,10.206066945606695,721919.0,92954.0
North Carolina-8,Weather,Severe Weather,2018-10-11 18:55:00,2018-10-12 12:00:00,2018,93,1,9.387829912023461,591064.0,92710.0
North Carolina-9,Weather,Severe Weather/Transmission Interruption,2018-12-09 03:35:00,2018-12-10 23:45:00,2018,92,1,8.798426150121065,691542.0,92710.0
North Dakota-0,Equipment/Operational,System Operations,2019-05-24 20:09:00,2019-05-25 14:23:00,2019,28,1,3.94811320754717,26230.0,9469.0
North Dakota-1,Equipment/Operational,Transmission Interruption,2019-12-11 13:27:00,2019-12-11 13:51:00,2019,29,1,4.703256302521009,32850.0,9469.0
North Dakota-2,Physical/Security,Vandalism,2019-08-13 00:00:00,2019-08-13 00:00:00,2019,25,1,5.328313253012048,36342.0,9469.0
North Dakota-3,Physical/Security,Vandalism,2019-06-11 15:11:00,2019-06-11 17:00:00,2019,17,1,0.9542682926829268,13095.0,1864.0
North Dakota-4,Physical/Security,Suspicious Activity,2020-04-19 01:14:00,2020-04-20 11:42:00,2020,2,1,1.125,7652.0,7447.0
North Dakota-5,Physical/Security,Vandalism,2020-06-26 16:20:00,2020-06-29 15:00:00,2020,16,1,3.0859375,16665.0,7934.0
Ohio-0,Weather,Severe Weather,2015-07-13 14:14:00,2015-07-16 06:00:00,2015,84,1,5.550069541029207,424121.0,59429.0
Ohio-1,Physical/Security,Vandalism,2015-11-01 11:53:00,2015-11-01 12:00:00,2015,87,1,8.873724489795919,526026.0,45694.0
Ohio-10,Physical/Security,Suspicious Activity,2020-12-25 18:51:00,2020-12-25 19:24:00,2020,57,1,3.010869565217391,90366.0,11027.0
Ohio-11,Physical/Security,Vandalism,2020-05-29 21:37:00,2020-05-30 04:29:00,2020,46,1,2.2024793388429753,65461.0,5532.0
Ohio-12,Equipment/Operational,Transmission Interruption,2020-08-19 01:27:00,2020-08-19 03:03:00,2020,32,1,1.6473214285714286,57430.0,10020.0
Ohio-2,Weather,Severe Weather,2017-11-05 19:35:00,2017-11-05 23:09:00,2017,88,1,8.404933814681106,699137.0,57698.0
Ohio-3,Equipment/Operational,System Operations,2018-09-28 18:58:00,2018-09-28 19:29:00,2018,88,1,7.692274305555555,716690.0,165305.0
Ohio-4,Equipment/Operational,System Operations,2018-10-01 12:44:00,2018-10-01 17:32:00,2018,82,1,2.6094632768361583,219723.0,39796.0
Ohio-5,Weather,Severe Weather,2018-11-15 05:38:00,2018-11-16 06:00:00,2018,81,1,5.194772344013491,356934.0,66555.0
Ohio-6,Equipment/Operational,System Operations,2018-08-28 23:41:00,2018-08-29 00:13:00,2018,86,1,4.959939148073023,459255.0,54942.0
Ohio-7,Equipment/Operational,System Operations,2019-12-05 16:48:00,2019-12-09 05:16:00,2019,85,1,5.5189125295508275,478428.0,54942.0
Ohio-8,Weather,Severe Weather/Transmission Interruption,2019-05-27 22:07:00,2019-05-28 03:00:00,2019,85,1,4.334495708154506,522909.0,54942.0
Ohio-9,Equipment/Operational,Transmission Interruption,2019-10-24 17:02:00,2019-10-24 17:09:00,2019,58,1,2.266566265060241,101047.0,9977.0
Oklahoma-0,Weather,Severe Weather,2015-11-28 06:00:00,2015-11-30 13:00:00,2015,75,1,4.311688311688312,315308.0,74442.0
Oklahoma-1,Weather,Severe Weather,2015-12-26 18:00:00,2015-12-30 06:00:00,2015,76,1,5.698988195615514,421690.0,74442.0
Oklahoma-10,Physical/Security,Actual Physical Attack,2019-12-07 06:10:00,2019-12-08 02:20:00,2019,8,1,1.1730769230769231,4863.0,1529.0
Oklahoma-11,Physical/Security,Actual Physical Attack,2019-12-11 20:53:00,2019-12-11 21:33:00,2019,9,1,2.0833333333333335,5726.0,1569.0
Oklahoma-2,Weather,Severe Weather,2015-12-27 17:00:00,2015-12-27 17:00:00,2015,73,1,4.5151715039577835,308483.0,74442.0
Oklahoma-3,Weather,Severe Weather,2015-12-27 23:38:00,2015-12-28 17:00:00,2015,73,1,3.8,288745.0,74442.0
Oklahoma-4,Weather,Severe Weather/Transmission Interruption,2019-06-16 03:25:00,2019-06-16 03:25:00,2019,74,1,4.415966386554622,290381.0,74442.0
Oklahoma-5,Physical/Security,Vandalism,2019-06-19 11:00:00,2019-06-19 11:01:00,2019,42,1,1.6409090909090909,52448.0,9410.0
Oklahoma-6,Weather,Severe Weather/Transmission Interruption,2019-08-26 19:00:00,2019-08-27 03:00:00,2019,67,1,4.749122807017544,282536.0,80563.0
Oklahoma-7,Equipment/Operational,System Operations,2019-06-24 09:40:00,2019-06-24 15:17:00,2019,61,1,17.215098634294385,451621.0,193316.0
Oklahoma-8,Physical/Security,Suspicious Activity,2019-07-17 14:12:00,2019-07-17 14:30:00,2019,9,1,1.25,8961.0,4885.0
Oklahoma-9,Equipment/Operational,System Operations,2019-09-20 00:21:00,2019-09-20 12:04:00,2019,10,1,2.4078947368421053,7843.0,2612.0
Oregon-0,Physical/Security,Suspected Physical Attack - Vandalism,2014-11-01 01:00:00,2014-11-01 01:01:00,2014,24,1,5.759803921568627,167306.0,57520.0
Oregon-1,Other/Unknown,Electrical System Islanding,2014-11-14 09:50:00,2014-11-14 13:18:00,2014,22,1,7.78328173374613,176193.0,67481.0
Oregon-10,Equipment/Operational,System Operations,2020-10-10 08:05:00,2020-10-10 12:00:00,2020,19,1,5.023584905660377,22854.0,4436.0
Oregon-11,Physical/Security,Suspicious Activity,2020-12-18 06:34:00,2020-12-18 09:51:00,2020,15,1,3.1875,29762.0,7754.0
Oregon-12,Physical/Security,Vandalism,2020-05-14 11:23:00,2020-05-14 11:25:00,2020,11,1,3.338235294117647,18937.0,4861.0
Oregon-13,Physical/Security,Vandalism,2020-04-25 21:25:00,2020-04-25 21:56:00,2020,4,1,1.25,9263.0,4533.0
Oregon-2,Physical/Security,Suspected Physical Attack - Vandalism,2014-11-21 11:26:00,2014-11-23 17:20:00,2014,28,1,17.85025817555938,373752.0,125115.0
Oregon-3,Weather,Severe Weather- High Winds,2014-12-11 16:05:00,2014-12-11 21:00:00,2014,24,1,4.678861788617886,152657.0,40174.0
Oregon-4,Other/Unknown,Other,2015-10-30 15:00:00,2015-10-30 16:00:00,2015,24,1,10.088095238095239,132635.0,31521.0
Oregon-5,Other/Unknown,Actual Physical Event,2016-07-02 04:00:00,2016-07-04 00:40:00,2016,23,1,3.4754464285714284,113506.0,23304.0
Oregon-6,Physical/Security,Vandalism,2016-12-08 01:00:00,2016-12-08 02:30:00,2016,17,1,4.140151515151516,99765.0,50055.0
Oregon-7,Physical/Security,Vandalism,2016-12-16 07:45:00,2016-12-16 08:45:00,2016,14,1,2.3879310344827585,16950.0,3170.0
Oregon-8,Equipment/Operational,System Operations,2020-05-18 09:27:00,2020-05-18 10:15:00,2020,12,1,3.4652777777777777,26231.0,8074.0
Oregon-9,Weather,Severe Weather,2020-09-07 19:05:00,2020-09-08 22:00:00,2020,22,1,13.726973684210526,183807.0,53768.0
Pennsylvania-0,Other/Unknown,Other,2015-10-28 13:38:00,2015-10-29 17:00:00,2015,67,1,4.205784204671858,798663.0,123280.0
Pennsylvania-1,Other/Unknown,Other,2015-12-05 19:22:00,2015-12-06 05:27:00,2015,65,1,4.940972222222222,653093.0,123280.0
Pennsylvania-10,Weather,Severe Weather/Distribution Interruption,2020-12-24 23:40:00,2020-12-24 23:40:00,2020,45,1,4.995967741935484,141603.0,23467.0
Pennsylvania-11,Equipment/Operational,Transmission Interruption,2020-05-29 17:01:00,2020-05-29 18:57:00,2020,51,1,1.865506329113924,67345.0,6116.0
Pennsylvania-12,Physical/Security,Suspicious Activity,2022-12-05 18:20:00,2022-12-05 18:55:00,2022,25,1,1.4698275862068966,25602.0,5932.0
Pennsylvania-2,Weather,Severe Weather,2018-03-07 12:00:00,2018-03-07 17:00:00,2018,64,1,5.0606060606060606,219222.0,18515.0
Pennsylvania-3,Weather,Severe Weather,2018-05-15 18:14:00,2018-05-15 19:00:00,2018,65,1,4.8270348837209305,232250.0,18515.0
Pennsylvania-4,Physical/Security,Vandalism,2018-12-01 09:40:00,2018-12-04 17:17:00,2018,65,1,3.7472426470588234,176022.0,18515.0
Pennsylvania-5,Weather,Severe Weather,2018-03-02 11:58:00,2018-03-02 11:58:00,2018,61,1,7.237654320987654,176501.0,19777.0
Pennsylvania-6,Weather,Severe Weather,2018-05-15 14:50:00,2018-05-15 14:50:00,2018,63,1,5.527627424447451,266035.0,49121.0
Pennsylvania-7,Physical/Security,Suspicious Activity,2018-01-25 20:19:00,2018-01-26 02:00:00,2018,67,1,7.089344262295082,261986.0,25403.0
Pennsylvania-8,Weather,Severe Weather,2019-07-22 16:00:00,2019-07-24 23:00:00,2019,57,1,3.484687868080094,199036.0,33738.0
Pennsylvania-9,Equipment/Operational,Transmission Interruption,2019-05-08 09:22:00,2019-05-08 09:56:00,2019,57,1,4.0441964285714285,142769.0,16063.0
Rhode Island-0,Weather,Severe Weather - Winter Storm,2014-11-02 13:46:00,2014-11-02 13:46:00,2014,5,1,10.571969696969697,127532.0,64587.0
Rhode Island-1,Weather,Severe Weather - Winter Storm,2014-11-26 17:50:00,2014-11-28 07:00:00,2014,5,1,9.197802197802197,140521.0,53780.0
Rhode Island-10,Weather,Severe Weather,2020-12-05 16:40:00,2020-12-05 16:40:00,2020,5,1,2.875,9871.0,8337.0
Rhode Island-11,Weather,Severe Weather,2020-12-25 07:55:00,2020-12-25 16:45:00,2020,3,1,1.125,1578.0,804.0
Rhode Island-2,Weather,Weather,2016-02-25 01:44:00,2016-02-25 14:45:00,2016,5,1,7.652439024390244,40638.0,16162.0
Rhode Island-3,Weather,Severe Weather,2016-07-22 23:50:00,2016-07-23 09:10:00,2016,5,1,14.552631578947368,163575.0,67995.0
Rhode Island-4,Weather,Severe Weather,2016-07-23 19:30:00,2016-07-24 07:30:00,2016,5,1,8.615384615384615,190322.0,84135.0
Rhode Island-5,Weather,Severe Weather,2016-09-11 12:05:00,2016-09-11 15:10:00,2016,5,1,5.49,19466.0,5505.0
Rhode Island-6,Weather,Severe Weather,2018-10-16 04:15:00,2018-10-16 17:11:00,2018,5,1,6.423076923076923,28694.0,9426.0
Rhode Island-7,Weather,Severe Weather,2018-11-03 17:20:00,2018-11-04 14:30:00,2018,5,1,6.339285714285714,46631.0,33212.0
Rhode Island-8,Weather,Severe Weather,2020-11-15 23:05:00,2020-11-16 05:00:00,2020,4,1,2.8333333333333335,9733.0,4249.0
Rhode Island-9,Weather,Severe Weather,2020-11-30 16:24:00,2020-12-01 14:25:00,2020,5,1,14.285714285714286,44674.0,21386.0
South Carolina-0,Weather,Severe Weather - Winter,2015-02-17 02:12:00,2015-02-18 16:00:00,2015,46,1,5.61090573012939,344750.0,33465.0
South Carolina-1,Weather,Severe Weather - Winter,2015-02-17 09:00:00,2015-02-18 23:00:00,2015,46,1,4.742397137745975,285412.0,24801.0
South Carolina-10,Physical/Security,Suspicious Activity,2022-12-07 16:42:00,2022-12-07 21:00:00,2022,3,1,0.6666666666666666,3927.0,2452.0
South Carolina-11,Weather,Severe Weather,2022-12-23 07:30:00,2022-12-23 22:13:00,2022,46,1,4.419354838709677,171725.0,15559.0
South Carolina-12,Weather,Severe Weather,2022-12-24 04:45:00,2022-12-24 15:45:00,2022,29,1,3.25,111520.0,15206.0
South Carolina-13,Weather,Severe Weather,2022-12-24 06:15:00,2022-12-25 09:00:00,2022,29,1,2.995833333333333,96749.0,11666.0
South Carolina-14,Weather,Severe Weather,2022-01-16 12:05:00,2022-01-17 08:45:00,2022,31,1,8.67,89519.0,16157.0
South Carolina-2,Weather,Severe Weather - Winter,2015-02-20 06:00:00,2015-02-20 10:00:00,2015,46,1,4.743055555555555,397473.0,39448.0
South Carolina-3,Weather,Severe Weather - Winter,2015-02-26 03:12:00,2015-02-26 20:00:00,2015,46,1,6.613874345549738,482917.0,46356.0
South Carolina-4,Weather,Severe Weather,2016-10-08 08:21:00,2016-10-13 17:30:00,2016,46,1,16.726480836236934,657142.0,79454.0
South Carolina-5,Weather,Severe Weather,2016-10-07 23:00:00,2016-10-07 23:00:00,2016,45,1,6.543631353337416,398820.0,45215.0
South Carolina-6,Weather,Severe Weather,2018-10-11 13:15:00,2018-10-11 13:15:00,2018,45,1,4.141414141414141,128394.0,18597.0
South Carolina-7,Weather,Severe Weather,2018-10-11 16:42:00,2018-10-12 21:00:00,2018,37,1,3.1788990825688073,53085.0,14591.0
South Carolina-8,Weather,Severe Weather,2018-09-15 01:05:00,2018-09-17 16:00:00,2018,45,1,8.247926540284361,371430.0,71283.0
South Carolina-9,Weather,Severe Weather,2022-09-30 18:30:00,2022-10-01 18:36:00,2022,35,1,5.404166666666667,80849.0,26561.0
South Dakota-0,Equipment/Operational,Transmission Interruption,2019-10-19 05:57:00,2019-10-19 13:58:00,2019,15,1,2.325,22210.0,7033.0
South Dakota-1,Physical/Security,Vandalism,2019-06-05 10:16:00,2019-06-05 10:17:00,2019,36,1,9.357142857142858,63749.0,16409.0
South Dakota-2,Equipment/Operational,System Operations,2020-09-15 15:04:00,2020-09-15 15:37:00,2020,10,1,1.375,9184.0,3190.0
South Dakota-3,Physical/Security,Vandalism,2020-04-20 12:42:00,2020-04-20 13:27:00,2020,8,1,1.6666666666666667,7219.0,2219.0
Tennessee-0,Weather,Severe Weather - Winter,2015-01-07 17:00:00,2015-01-08 08:35:00,2015,75,1,2.9782096584216724,575392.0,123263.0
Tennessee-1,Weather,Severe Weather - Winter,2015-02-16 21:00:00,2015-02-18 14:00:00,2015,73,1,5.286523216308041,475835.0,132893.0
Tennessee-2,Weather,Severe Weather - Winter,2015-02-18 15:00:00,2015-02-20 09:00:00,2015,74,1,2.525545350172216,687276.0,138851.0
Tennessee-3,Weather,Severe Weather - Winter,2015-02-21 08:34:00,2015-02-21 12:45:00,2015,59,1,4.740301724137931,185051.0,44151.0
Tennessee-4,Physical/Security,Vandalism,2015-03-04 09:05:00,2015-03-04 14:15:00,2015,37,1,4.0,138020.0,44151.0
Tennessee-5,Physical/Security,Vandalism,2015-05-02 22:51:00,2015-05-03 00:26:00,2015,27,1,1.4383561643835616,67171.0,30395.0
Tennessee-6,Equipment/Operational,System Operations,2015-06-07 13:52:00,2015-06-07 14:13:00,2015,11,1,2.4741379310344827,27080.0,12889.0
Tennessee-7,Equipment/Operational,System Operations,2015-06-07 13:54:00,2015-06-07 14:13:00,2015,11,1,2.4741379310344827,27080.0,12889.0
Tennessee-8,Physical/Security,Vandalism,2015-07-30 13:00:00,2015-07-30 13:00:00,2015,4,1,1.2916666666666667,2635.0,1317.0
Texas-0,Equipment/Operational,Fuel Supply Emergency - Coal,2014-11-24 00:00:00,2014-11-24 00:00:00,2014,156,1,2.5175049309664694,323891.0,17221.0
Texas-1,Physical/Security,Sabotage,2015-02-02 09:40:00,2015-02-02 09:41:00,2015,234,1,7.761581733951026,5288073.0,455986.0
Texas-10,Equipment/Operational,System Operations,2015-07-30 09:50:00,2015-07-30 19:00:00,2015,230,1,4.099711313751547,3432744.0,455986.0
Texas-11,Weather,Severe Weather,2015-08-11 19:30:00,2015-08-13 04:05:00,2015,234,1,5.040994107097105,2373360.0,455986.0
Texas-12,Other/Unknown,Other,2015-10-13 10:25:00,2015-10-13 18:00:00,2015,204,1,4.841817316841103,1306649.0,455986.0
Texas-13,Weather,Severe Weather,2015-12-26 18:00:00,2015-12-30 06:00:00,2015,231,1,6.242743312464428,2163315.0,455986.0
Texas-14,Weather,Severe Weather,2015-12-26 19:30:00,2015-12-26 19:30:00,2015,212,1,3.3301340645947595,1310535.0,455986.0
Texas-15,Weather,Severe Weather,2015-10-31 00:45:00,2015-11-01 16:05:00,2015,213,1,4.87012987012987,1581525.0,455986.0
Texas-16,Other/Unknown,Other,2015-08-13 15:15:00,2015-08-13 19:00:00,2015,202,1,3.4683980389558764,1282485.0,455986.0
Texas-17,Weather,Severe Weather,2019-06-06 18:09:00,2019-06-06 18:35:00,2019,206,1,2.972007722007722,1239511.0,455986.0
Texas-18,Weather,Severe Weather,2019-03-13 05:50:00,2019-03-13 10:30:00,2019,218,1,3.784294871794872,1233656.0,455986.0
Texas-19,Equipment/Operational,Transmission Interruption,2019-10-06 14:50:00,2019-10-06 15:00:00,2019,211,1,2.8813103699653726,1149159.0,305122.0
Texas-2,Weather,Severe Weather,2015-04-17 21:30:00,2015-04-19 23:50:00,2015,231,1,7.815922069197178,5245104.0,455986.0
Texas-20,Weather,Severe Weather,2019-10-20 22:15:00,2019-10-25 02:00:00,2019,215,1,3.5249805850375355,1244368.0,305122.0
Texas-21,Weather,Severe Weather,2019-06-09 14:45:00,2019-06-13 22:30:00,2019,212,1,3.0729835013748854,1446029.0,313327.0
Texas-22,Weather,Severe Weather,2019-06-16 02:00:00,2019-06-17 23:59:00,2019,220,1,2.6928524733057313,1192943.0,305122.0
Texas-23,Weather,Severe Weather,2019-06-23 22:00:00,2019-06-25 23:00:00,2019,197,1,3.2661109867979414,1120851.0,305122.0
Texas-24,Weather,Severe Weather,2019-07-10 12:10:00,2019-07-12 12:30:00,2019,201,1,3.13948092127879,990574.0,305122.0
Texas-25,Physical/Security,Vandalism,2019-12-08 13:40:00,2019-12-08 13:41:00,2019,188,1,2.8871584699453554,886736.0,305122.0
Texas-26,Physical/Security,Actual Physical Attack,2019-11-29 00:00:00,2019-12-01 00:00:00,2019,187,1,3.5491675338189386,934138.0,305122.0
Texas-27,Weather,Severe Weather,2019-05-09 17:55:00,2019-05-11 20:50:00,2019,171,1,2.74841628959276,468224.0,101641.0
Texas-28,Weather,Severe Weather/Transmission Interruption,2019-05-09 19:06:00,2019-05-10 02:57:00,2019,138,1,2.346090308370044,258733.0,40256.0
Texas-29,Equipment/Operational,Transmission Interruption,2019-07-11 11:08:00,2019-07-11 11:13:00,2019,154,1,2.036551724137931,245947.0,10765.0
Texas-3,Weather,Severe Weather,2015-04-18 21:00:00,2015-04-21 04:00:00,2015,228,1,8.195978502594514,5210471.0,455986.0
Texas-30,Physical/Security,Suspicious Activity,2019-11-16 06:00:00,2019-11-16 17:45:00,2019,149,1,2.1527599486521183,294484.0,31604.0
Texas-31,Equipment/Operational,System Operations,2019-01-16 05:19:00,2019-01-16 07:14:00,2019,181,1,2.773186409550046,493966.0,53517.0
Texas-32,Equipment/Operational,System Operations,2019-12-18 14:30:00,2019-12-18 15:25:00,2019,174,1,2.403886554621849,511036.0,55836.0
Texas-33,Equipment/Operational,Transmission Interruption,2019-06-07 14:43:00,2019-06-07 16:20:00,2019,171,1,2.875860749808722,532593.0,43649.0
Texas-34,Equipment/Operational,Transmission Interruption,2019-06-08 15:50:00,2019-06-08 19:40:00,2019,156,1,2.178944866920152,344161.0,33492.0
Texas-35,Physical/Security,Suspicious Activity,2019-08-09 09:53:00,2019-08-09 10:46:00,2019,148,1,2.2957317073170733,346555.0,53517.0
Texas-36,Weather,Severe Weather,2019-08-13 15:10:00,2019-08-13 17:30:00,2019,169,1,2.0611332007952288,421426.0,55836.0
Texas-37,Weather,Severe Weather,2020-08-27 13:24:00,2020-08-27 13:24:00,2020,130,1,2.326488095238095,346218.0,115841.0
Texas-38,Physical/Security,Suspicious Activity,2020-03-08 22:10:00,2020-03-09 01:02:00,2020,127,1,1.772181146025878,214643.0,19318.0
Texas-39,Equipment/Operational,Transmission Interruption,2020-08-05 17:58:00,2020-08-05 20:53:00,2020,113,1,1.6289772727272727,197676.0,22069.0
Texas-4,Weather,Severe Weather,2015-04-24 19:10:00,2015-04-26 16:00:00,2015,228,1,9.334440344403443,5149329.0,455986.0
Texas-40,Equipment/Operational,Transmission Interruption,2020-10-14 18:26:00,2020-10-15 13:11:00,2020,138,1,3.8313853557923685,266610.0,18059.0
Texas-41,Equipment/Operational,System Operations,2020-02-11 02:53:00,2020-02-11 13:30:00,2020,144,1,5.389437767366062,448595.0,28904.0
Texas-42,Equipment/Operational,System Operations,2020-04-02 18:41:00,2020-04-02 19:23:00,2020,215,1,9.16362590401052,1564532.0,455986.0
Texas-43,Equipment/Operational,System Operations,2020-06-26 12:47:00,2020-06-26 13:53:00,2020,127,1,1.6942003514938488,187301.0,17172.0
Texas-44,Physical/Security,Suspicious Activity,2020-07-20 00:57:00,2020-07-20 02:34:00,2020,197,1,4.163382594417077,1272199.0,455986.0
Texas-45,Equipment/Operational,Transmission Interruption,2021-11-10 21:19:00,2021-11-11 01:19:00,2021,133,1,2.6500789889415484,433445.0,38358.0
Texas-46,Physical/Security,Suspicious Activity,2021-02-07 06:57:00,2021-02-07 07:34:00,2021,143,1,1.8272859216255444,220308.0,21176.0
Texas-47,Physical/Security,Suspicious Activity,2021-04-13 09:00:00,2021-04-13 10:00:00,2021,142,1,2.4381578947368423,252434.0,10243.0
Texas-48,Physical/Security,Suspicious Activity,2021-04-24 22:08:00,2021-04-24 23:41:00,2021,134,1,1.987920168067227,209294.0,24313.0
Texas-49,Physical/Security,Suspicious Activity,2021-08-03 07:05:00,2021-08-03 07:32:00,2021,124,1,1.7468239564428312,162625.0,17097.0
Texas-5,Weather,Severe Weather,2015-05-25 20:30:00,2015-05-26 18:30:00,2015,231,1,6.607358490566038,3773615.0,455986.0
Texas-50,Physical/Security,Suspicious Activity,2021-10-03 10:40:00,2021-10-03 11:54:00,2021,151,1,2.2066532258064515,285068.0,17097.0
Texas-51,Physical/Security,Suspicious Activity,2021-11-30 06:52:00,2021-11-30 07:25:00,2021,86,1,1.6986940298507462,116423.0,8016.0
Texas-52,Physical/Security,Suspicious Activity,2021-12-19 20:48:00,2021-12-19 21:00:00,2021,119,1,6.117768595041323,324890.0,36588.0
Texas-53,Equipment/Operational,System Operations,2021-12-21 21:59:00,2021-12-22 14:15:00,2021,99,1,1.4792899408284024,127624.0,17554.0
Texas-54,Weather,Severe Weather,2021-10-10 22:15:00,2021-10-12 17:00:00,2021,133,1,2.2997561718988115,193116.0,12286.0
Texas-55,Weather,Severe Weather,2021-03-17 06:15:00,2021-03-18 12:00:00,2021,100,1,2.378024193548387,206996.0,45909.0
Texas-56,Physical/Security,Vandalism,2021-04-09 13:20:00,2021-04-10 00:40:00,2021,65,1,2.7996031746031744,88936.0,14559.0
Texas-57,Equipment/Operational,Generation Inadequacy,2021-06-07 13:26:00,2021-06-07 13:27:00,2021,91,1,2.1822222222222223,134184.0,6300.0
Texas-58,Weather,Severe Weather,2021-05-18 23:25:00,2021-05-19 20:30:00,2021,96,1,3.2907608695652173,239360.0,20299.0
Texas-59,Weather,Severe Weather,2021-09-13 18:00:00,2021-09-14 00:49:00,2021,60,1,2.2857142857142856,67153.0,6404.0
Texas-6,Weather,Severe Weather,2015-05-26 05:30:00,2015-05-27 19:00:00,2015,229,1,6.790489642184557,3667983.0,455986.0
Texas-60,Weather,Severe Weather,2021-09-13 23:59:00,2021-09-13 23:59:00,2021,51,1,2.364705882352941,57920.0,6404.0
Texas-61,Weather,Severe Weather,2021-09-14 00:35:00,2021-09-18 19:20:00,2021,95,1,4.336330935251799,322432.0,55216.0
Texas-62,Weather,Severe Weather,2021-10-28 14:45:00,2021-10-29 20:30:00,2021,112,1,5.977112676056338,396431.0,28904.0
Texas-63,Physical/Security,Actual Physical Attack/Vandalism,2021-10-28 12:06:00,2021-10-28 12:30:00,2021,105,1,6.352822580645161,390898.0,28904.0
Texas-64,Weather,Severe Weather/Transmission Interruption,2021-08-02 00:18:00,2021-08-02 10:47:00,2021,84,1,1.8699551569506727,110111.0,21766.0
Texas-65,Weather,Severe Weather/Transmission Interruption,2021-08-02 06:23:00,2021-08-02 15:55:00,2021,85,1,1.7488372093023257,106556.0,21766.0
Texas-66,Equipment/Operational,Transmission Interruption,2021-03-30 16:18:00,2021-03-30 20:21:00,2021,56,1,1.3695652173913044,85709.0,15248.0
Texas-67,Physical/Security,Vandalism,2021-05-11 23:01:00,2021-05-12 08:29:00,2021,70,1,2.795138888888889,160432.0,47372.0
Texas-68,Equipment/Operational,Transmission Interruption,2021-02-01 23:25:00,2021-02-02 01:12:00,2021,43,1,1.880281690140845,60077.0,6792.0
Texas-69,Physical/Security,Vandalism,2021-06-08 15:00:00,2021-06-08 15:01:00,2021,79,1,1.8008474576271187,93211.0,6245.0
Texas-7,Equipment/Operational,System Operations,2015-06-03 15:00:00,2015-06-05 17:00:00,2015,220,1,4.159372071227741,1586288.0,455986.0
Texas-70,Physical/Security,Vandalism,2021-01-21 00:00:00,2021-02-03 16:55:00,2021,115,1,2.498247663551402,225411.0,21872.0
Texas-71,Weather,Severe Weather,2021-02-15 10:24:00,2021-02-18 09:52:00,2021,198,1,7.216049382716049,1336644.0,455986.0
Texas-72,Equipment/Operational,Transmission Interruption,2021-09-13 13:10:00,2021-09-13 13:10:00,2021,64,1,2.2003968253968256,90758.0,17172.0
Texas-73,Equipment/Operational,System Operations,2021-11-11 05:52:00,2021-11-11 06:09:00,2021,63,1,1.7967741935483872,145643.0,38358.0
Texas-74,Physical/Security,Vandalism,2021-03-01 13:06:00,2021-03-01 13:07:00,2021,51,1,1.4193548387096775,56519.0,4032.0
Texas-75,Weather,Severe Weather,2021-02-15 09:10:00,2021-02-15 09:10:00,2021,96,1,5.046875,947030.0,455986.0
Texas-76,Equipment/Operational,System Operations,2021-12-24 00:34:00,2021-12-24 06:40:00,2021,40,1,1.667763157894737,45986.0,4287.0
Texas-77,Weather,Severe Weather,2021-02-15 02:51:00,2021-02-19 09:00:00,2021,219,1,12.215746907706945,2969010.0,455986.0
Texas-78,Equipment/Operational,System Operations,2021-02-15 16:00:00,2021-02-15 18:34:00,2021,116,1,4.784632034632034,1014947.0,455986.0
Texas-79,Equipment/Operational,System Operations,2021-02-16 17:45:00,2021-02-16 19:15:00,2021,127,1,4.072351421188631,760677.0,305122.0
Texas-8,Equipment/Operational,System Operations,2015-07-03 17:17:00,2015-07-03 23:30:00,2015,228,1,7.796917497733454,3203321.0,455986.0
Texas-80,Equipment/Operational,System Operations,2021-02-17 06:38:00,2021-02-17 08:37:00,2021,149,1,5.664490861618799,818948.0,305122.0
Texas-81,Equipment/Operational,System Operations,2021-04-21 13:13:00,2021-04-21 14:10:00,2021,73,1,2.308333333333333,89655.0,5891.0
Texas-82,Physical/Security,Suspicious Activity,2021-09-02 14:07:00,2021-09-02 14:10:00,2021,57,1,1.622340425531915,55973.0,4405.0
Texas-9,Equipment/Operational,System Operations,2015-07-16 16:45:00,2015-07-16 17:48:00,2015,231,1,7.3963067555045665,3454249.0,455986.0
Utah-0,Physical/Security,Sabotage,2017-04-17 09:25:00,2017-04-17 09:26:00,2017,21,1,2.3364197530864197,83080.0,58592.0
Utah-1,Physical/Security,Suspected Physical Attack,2017-10-19 16:01:00,2017-10-19 16:02:00,2017,18,1,2.3955696202531644,27785.0,9882.0
Utah-2,Physical/Security,Vandalism,2018-08-19 15:20:00,2018-08-19 15:21:00,2018,13,1,2.163793103448276,14296.0,2912.0
Utah-3,Equipment/Operational,Transmission Interruption,2018-04-09 12:16:00,2018-04-09 13:52:00,2018,10,1,2.347826086956522,24594.0,15378.0
Utah-4,Physical/Security,Vandalism,2018-10-22 10:25:00,2018-10-22 10:31:00,2018,9,1,1.7352941176470589,6518.0,1655.0
Utah-5,Physical/Security,Vandalism,2018-12-18 08:47:00,2018-12-18 08:48:00,2018,8,1,0.8,7493.0,2243.0
Utah-6,Physical/Security,Actual Physical Attack,2018-05-08 16:00:00,2018-05-08 16:01:00,2018,10,1,1.6071428571428572,9306.0,3024.0
Utah-7,Physical/Security,Actual Physical Attack,2018-12-07 03:10:00,2018-12-07 04:35:00,2018,3,1,2.125,8163.0,7353.0
Utah-8,Physical/Security,Vandalism,2019-04-21 10:40:00,2019-04-21 10:45:00,2019,8,1,1.75,9760.0,4176.0
Utah-9,Physical/Security,Vandalism,2019-07-10 12:00:00,2019-07-10 12:15:00,2019,4,1,3.480769230769231,5460.0,2233.0
Vermont-0,Weather,Severe Weather - Winter Storm,2014-11-02 13:46:00,2014-11-02 13:46:00,2014,14,1,3.109375,26756.0,4746.0
Vermont-1,Weather,Severe Weather - Winter Storm,2014-11-26 17:50:00,2014-11-28 07:00:00,2014,13,1,6.484375,50303.0,9032.0
Vermont-10,Weather,Severe Weather,2020-12-05 16:40:00,2020-12-05 16:40:00,2020,4,1,2.7083333333333335,1787.0,636.0
Vermont-11,Weather,Severe Weather,2020-12-25 07:55:00,2020-12-25 16:45:00,2020,11,1,1.125,5389.0,1061.0
Vermont-2,Cyber,Suspected Cyber Attack,2014-12-30 15:50:00,2014-12-31 11:00:00,2014,14,1,3.781202435312024,113742.0,21446.0
Vermont-3,Weather,Severe Weather,2016-07-23 19:30:00,2016-07-24 07:30:00,2016,12,1,6.536585365853658,37235.0,8784.0
Vermont-4,Weather,Severe Weather,2016-09-11 12:05:00,2016-09-11 15:10:00,2016,14,1,3.8969072164948453,39272.0,16122.0
Vermont-5,Weather,Severe Weather,2018-10-16 04:15:00,2018-10-16 17:11:00,2018,13,1,8.487179487179487,58974.0,16009.0
Vermont-6,Weather,Severe Weather,2018-11-03 17:20:00,2018-11-04 14:30:00,2018,14,1,10.882352941176471,83987.0,18073.0
Vermont-7,Weather,Severe Weather,2018-11-27 08:00:00,2018-11-28 16:50:00,2018,13,1,9.780821917808218,38772.0,5491.0
Vermont-8,Weather,Severe Weather,2020-11-15 23:05:00,2020-11-16 05:00:00,2020,3,1,0.9583333333333334,1695.0,1219.0
Vermont-9,Weather,Severe Weather,2020-11-30 16:24:00,2020-12-01 14:25:00,2020,7,1,1.6041666666666667,3969.0,1944.0
Virginia-0,Weather,Severe Weather - Winter,2015-01-07 17:00:00,2015-01-08 08:35:00,2015,120,1,6.061119573495811,503316.0,33108.0
Virginia-1,Weather,Severe Weather - Winter,2015-02-16 21:00:00,2015-02-18 14:00:00,2015,119,1,2.538734003656307,387543.0,24975.0
Virginia-2,Weather,Severe Weather - Winter,2015-02-18 15:00:00,2015-02-20 09:00:00,2015,115,1,4.7086442786069655,586196.0,44808.0
Virginia-3,Weather,Severe Weather,2015-07-13 19:40:00,2015-07-15 12:15:00,2015,115,1,4.821342200725514,562874.0,74967.0
Virginia-4,Weather,Severe Weather,2018-11-15 10:50:00,2018-11-17 13:12:00,2018,104,1,5.455734406438632,353986.0,53115.0
Virginia-5,Physical/Security,Suspicious Activity,2018-08-14 21:00:00,2018-08-14 21:01:00,2018,59,1,2.7096774193548385,97477.0,29920.0
Virginia-6,Physical/Security,Vandalism,2018-12-09 23:28:00,2018-12-10 01:30:00,2018,56,1,2.1209016393442623,71214.0,21038.0
Virginia-7,Equipment/Operational,System Operations,2018-08-24 12:24:00,2018-08-24 12:59:00,2018,21,1,2.760869565217391,17489.0,2384.0
Washington-0,Weather,Severe Weather - Wind,2014-11-11 18:00:00,2014-11-14 15:00:00,2014,25,1,7.389627659574468,484345.0,129685.0
Washington-1,Physical/Security,Suspected Physical Attack,2014-12-17 11:00:00,2014-12-17 12:15:00,2014,27,1,5.5234375,304912.0,84976.0
Washington-10,Weather,Severe Weather,2015-08-29 13:00:00,2015-08-31 07:00:00,2015,27,1,11.584108527131782,611412.0,129685.0
Washington-11,Weather,Severe Weather,2015-11-17 09:00:00,2015-11-17 09:00:00,2015,29,1,5.383408071748879,589844.0,251333.0
Washington-12,Other/Unknown,Islanding,2016-08-24 19:18:00,2016-08-24 19:47:00,2016,31,1,8.07245337159254,462858.0,166046.0
Washington-13,Cyber,Cyber Attack,2016-04-12 11:30:00,2016-04-12 16:43:00,2016,30,1,5.453181272509004,208988.0,34210.0
Washington-14,Equipment/Operational,System Operations,2020-12-10 16:30:00,2020-12-12 05:00:00,2020,25,1,6.831632653061225,172363.0,39506.0
Washington-15,Physical/Security,Vandalism,2020-07-21 11:53:00,2020-07-21 13:00:00,2020,18,1,2.626470588235294,75440.0,21997.0
Washington-16,Physical/Security,Vandalism,2020-12-22 02:20:00,2020-12-22 02:21:00,2020,21,1,3.982142857142857,54767.0,13402.0
Washington-17,Physical/Security,Vandalism,2020-08-15 17:00:00,2020-08-15 17:00:00,2020,18,1,2.7827868852459017,37299.0,7633.0
Washington-18,Equipment/Operational,System Operations,2020-11-13 00:20:00,2020-11-13 08:00:00,2020,25,1,4.420212765957447,99511.0,48356.0
Washington-19,Physical/Security,Suspicious Activity,2020-07-09 15:09:00,2020-07-09 15:09:00,2020,25,1,5.786842105263158,150132.0,31966.0
Washington-2,Weather,Severe Weather,2015-06-29 19:21:00,2015-06-29 19:42:00,2015,28,1,3.5895953757225434,147096.0,31966.0
Washington-20,Physical/Security,Vandalism,2020-10-15 23:43:00,2020-10-15 23:43:00,2020,20,1,2.763157894736842,48524.0,26845.0
Washington-21,Physical/Security,Actual Physical Attack,2022-07-05 08:00:00,2022-07-05 08:06:00,2022,11,1,2.3333333333333335,13069.0,3839.0
Washington-22,Physical/Security,Actual Physical Attack/Vandalism,2022-11-23 10:15:00,2022-11-23 14:09:00,2022,12,1,1.7727272727272727,18042.0,7262.0
Washington-23,Physical/Security,Vandalism,2022-12-25 02:42:00,2022-12-25 04:55:00,2022,19,1,6.027027027027027,87050.0,31667.0
Washington-24,Physical/Security,Vandalism,2022-12-25 19:25:00,2022-12-25 20:07:00,2022,21,1,4.942708333333333,82638.0,31667.0
Washington-25,Physical/Security,Vandalism,2022-12-13 23:59:00,2022-12-14 03:39:00,2022,9,1,3.328125,11204.0,3207.0
Washington-26,Equipment/Operational,System Operations,2022-01-01 12:36:00,2022-01-01 14:12:00,2022,21,1,4.964876033057851,43268.0,8196.0
Washington-27,Physical/Security,Vandalism,2022-01-03 12:45:00,2022-01-03 12:46:00,2022,17,1,4.065789473684211,27128.0,8196.0
Washington-3,Equipment/Operational,System Operations,2015-07-21 12:47:00,2015-07-21 13:12:00,2015,21,1,3.608695652173913,101792.0,22186.0
Washington-4,Equipment/Operational,System Operations,2015-07-31 10:55:00,2015-07-31 10:55:00,2015,23,1,4.847916666666666,236005.0,132417.0
Washington-5,Weather,Severe Weather,2015-08-29 10:00:00,2015-08-29 10:00:00,2015,21,1,5.464782608695653,241786.0,76835.0
Washington-6,Weather,Severe Weather,2015-08-29 11:00:00,2015-09-04 15:00:00,2015,19,1,5.317961165048544,314489.0,117262.0
Washington-7,Weather,Severe Weather,2015-11-17 10:00:00,2015-11-17 10:00:00,2015,32,1,4.287420382165605,737665.0,251333.0
Washington-8,Weather,Severe Weather,2015-12-09 04:00:00,2015-12-09 11:00:00,2015,33,1,4.8996913580246915,222976.0,52571.0
Washington-9,Weather,Severe Weather,2015-11-17 13:30:00,2015-11-17 13:30:00,2015,22,1,5.2931606905710495,583801.0,251333.0
West Virginia-0,Physical/Security,Vandalism,2015-03-22 16:25:00,2015-03-22 16:26:00,2015,55,1,14.341423948220065,298975.0,22865.0
West Virginia-1,Weather,Weather,2016-02-16 08:35:00,2016-02-16 17:28:00,2016,55,1,8.615870786516854,166226.0,15530.0
West Virginia-2,Equipment/Operational,System Operations,2018-10-01 12:44:00,2018-10-01 17:32:00,2018,52,1,8.546875,101259.0,5999.0
West Virginia-3,Weather,Severe Weather,2018-10-21 00:16:00,2018-10-21 16:14:00,2018,48,1,6.883064516129032,95171.0,14878.0
West Virginia-4,Weather,Severe Weather,2018-11-15 10:50:00,2018-11-17 13:12:00,2018,43,1,5.803191489361702,43213.0,2874.0
West Virginia-5,Equipment/Operational,Transmission Interruption,2020-07-22 11:30:00,2020-07-22 14:19:00,2020,27,1,4.3061224489795915,26960.0,6947.0
West Virginia-6,Weather,Severe Weather/Transmission Interruption,2020-07-07 19:17:00,2020-07-07 23:49:00,2020,29,1,3.6367924528301887,32144.0,6847.0
Wisconsin-0,Weather,Severe Weather,2016-07-05 17:30:00,2016-07-06 16:00:00,2016,63,1,5.5465587044534415,181057.0,16821.0
Wisconsin-1,Physical/Security,Sabotage,2016-01-04 05:15:00,2016-01-05 08:00:00,2016,57,1,4.553643724696356,218734.0,28030.0
Wisconsin-2,Equipment/Operational,System Operations,2019-10-29 13:46:00,2019-10-29 14:49:00,2019,48,1,5.9986807387862795,109978.0,8681.0
Wisconsin-3,Equipment/Operational,System Operations,2019-07-19 09:55:00,2019-07-19 13:00:00,2019,68,1,6.276978417266187,274096.0,31980.0
Wisconsin-4,Physical/Security,Suspicious Activity,2019-09-25 17:25:00,2019-09-25 18:16:00,2019,67,1,11.296259842519685,313017.0,31980.0
Wisconsin-5,Equipment/Operational,System Operations,2021-04-22 16:43:00,2021-04-22 17:14:00,2021,15,1,9.729166666666666,145933.0,89708.0
Wisconsin-6,Equipment/Operational,System Operations,2021-04-13 00:37:00,2021-04-13 04:19:00,2021,10,1,1.3055555555555556,16037.0,8044.0
Wisconsin-7,Equipment/Operational,System Operations,2021-10-20 23:00:00,2021-10-21 01:20:00,2021,10,1,1.375,6299.0,1473.0
Wisconsin-8,Equipment/Operational,System Operations,2021-12-01 10:04:00,2021-12-01 13:08:00,2021,4,1,1.1875,3139.0,1428.0
Wisconsin-9,Weather,Severe Weather,2021-08-10 20:00:00,2021-08-10 20:00:00,2021,34,1,2.2908163265306123,189247.0,64397.0
Wyoming-0,Equipment/Operational,Transmission Interruption,2019-09-10 21:22:00,2019-09-10 21:23:00,2019,13,1,1.0972222222222223,8727.0,2807.0
